ID_Fornecedor;Fornecedor;Quantidade;Soma_Valor;Participacao_Percentual
07437996000146;FUNDACAO DE APOIO A UNIVERSIDADE FEDERAL DE SAO PAULO;84;73816197.89;37.89944508808745
04147114000110;INCORPLAN ENGENHARIA LTDA;3;64105979.4;32.91392831840103
79283065000907;ORBENK ADMINISTRACAO E SERVICOS LTDA.;1;25165750.62;12.92084950168371
46313073000134;MATTOLI ENGENHARIA E SERVICOS LTDA;3;3691323.0;1.895235698123739
51962678000196;FUNDACAO PARA O VESTIBULAR DA UNIVERSIDADE ESTADUAL PAULISTA JULIO DE MESQUITA F;2;2836130.0;1.4561540186322572
84590900000126;LIMGER EMPRESA DE LIMPEZAS GERAIS E SERVICOS LTDA;1;2525806.72;1.2968247596606506
13609718000121;JD CONSTRUCOES E SERVICOS LTDA;2;2397408.1199999996;1.230901075846172
22102062000147;SAMPAIO SERVICOS E COMERCIO LTDA;3;2191771.01;1.125320829487076
07031475000194;ALCANCAR ASSESSORIA LTDA;6;1824523.9100000001;0.9367651777729297
67767566000114;CONSTRUTORA OBRAVALE LTDA;1;1818000.0;0.9334156071384045
57609398000185;REAL FOOD ALIMENTACAO LTDA;1;1440000.0;0.7393390947630928
23160346000152;RAVE CONSTRUTORA LTDA;3;1187447.21;0.6096709342502501
12313996000174;VRG SISTEMAS CENTRAIS DE AR CONDICIONADO LTDA;1;1060000.0;0.5442357225339433
10596241000107;PANTANAL LOCADORA DE AUTOMOVEIS LTDA;1;1013581.95;0.5204033065147294
12904815000184;RIO MINAS CONSERVACAO E LIMPEZA LTDA;1;879551.28;0.45158794941174973
01867983000120;DIRETA SERVICOS LTDA;1;795950.0;0.4086645503310304
43295239000149;GRAND TECH ELEVADORES LTDA;1;599400.0;0.3077498981951374
40632016000131;WJ ENGENHARIA LTDA;1;573000.0;0.29419534812448067
59055921000102;INNOVAMED MANUTENCAO DE EQUIPAMENTOS MEDICOS LTDA;1;518019.0;0.26596645731255736
03952368000148;HOSPLIFE COMERCIO DE EQUIPAMENTOS HOSPITALARES LTDA;2;450560.0;0.23133098787254106
50479476000125;VIACAO JACAREI LIMITADA;1;447635.3;0.22982935936528157
04436855000110;PRATA CONSULTORIA E LOCACOES LTDA;1;402493.76;0.20665234178207886
58652728000188;JJSV PRODUTOS OTICOS LTDA.;1;399536.28;0.20513388304181499
09045285000151;VILELA COELHO SOCIEDADE DE ADVOGADOS;1;363723.0;0.18674627330869192
26439369000199;TECFY TECNOLOGIA E SISTEMAS LTDA;1;258800.04;0.13287568562378627
05340639000130;PRIME CONSULTORIA E ASSESSORIA EMPRESARIAL LTDA;2;253778.66;0.13029755885735464
04198254000117;MCR SISTEMAS E CONSULTORIA LTDA;2;232748.08;0.11949982970489437
14391028000101;SETEBOM LTDA;1;228857.12;0.11750209439645035
21951854000123;SUPRANEW DO BRASIL COMERCIO E SERVICOS LTDA;1;202799.76;0.10412346595595312
PF_001;Fornecedor pessoa física PF_001;1;202582.08;0.10401170252946142
92792530000138;SONOVA DO BRASIL PRODUTOS AUDIOLOGICOS LTDA;1;199300.0;0.10232658443491971
23559934000163;ENGESOLVE SOLUCOES AMBIENTAIS INTEGRADAS LTDA;1;197127.0;0.10121090120372514
09411290000130;IGUASSEG ASSEIO E CONSERVACAO LTDA;1;178807.2;0.09180496762855785
08901037000100;EDR SOLUCOES EMPRESARIAIS LTDA;1;170493.81;0.08753662440841023
12477490000281;LIDER NOTEBOOKS COMERCIO E SERVICOS LTDA;2;164591.0;0.08450594510149459
41317023000101;R3S SEGURANCA E COMERCIO LTDA.;1;143964.0;0.07391542599894022
58833575000175;PERSIANAS NOVA AMERICA LTDA;1;140810.0;0.07229606800943826
11735329000117;I9 SOLUTIONS - SOLUCOES COMERCIAIS E GESTAO DE TRANSPORTE LTDA;2;126174.0;0.06478150759905449
07724269000160;EMPREITEIRA GROTTO LTDA;1;123520.0;0.06341886457301196
10658360000139;ATENAS ELEVADORES LTDA;2;114400.0;0.05873638363951238
62413869000115;GIGANTE RECEM NASCIDO LTDA.;1;112800.0;0.057914895756442264
18090313000143;DALA SERVICE AR CONDICIONADO LTDA;1;97344.84;0.049979754087123685
01404158000190;PEARSON EDUCATION DO BRASIL LTDA;1;93192.84;0.04784799303055677
02543216001109;PERFIL COMPUTACIONAL LTDA;1;78400.0;0.040252906270435054
23034526000198;CTE - SERVICOS E TRANSPORTES LTDA;1;77185.58;0.03962938669858631
35479406000183;SERVIIR SERVICOS DE TRADUCAO INTERPRETACAO  E TECNOLOGIA LTDA;1;66245.16;0.03401224765752517
37646562000117;JC SOLUCOES EM ENGENHARIA LTDA;1;66162.77;0.03396994616584633
26061667000198;UNIAO FORTE CONTRA INCENDIO LTDA;1;64864.0;0.03330311877966198
29153266000156;ORANGEBIO CONTROLE INTEGRADO DE PRAGAS E HIGIENIZACOES LTDA;1;62930.0;0.03231014530100099
50195664000121;MANUTESP COMERCIO E SERVICOS LTDA;1;61713.6;0.03168560913789695
05209385000115;ELEVADORES SAO PAULO LTDA;1;55010.14;0.028243852159993747
05070948000137;ACJS - SANEAMENTO E CONTROLE AMBIENTAL LTDA;1;53500.0;0.027468501090156573
19316591000139;MEGAVOLT ENERGIA MANUTENCOES, SERVICOS, INSTALACOES DE GRUPOS GERADORES LTDA;1;52019.52;0.026708378351951802
54611678000130;WEM EQUIPAMENTOS ELETRONICOS LTDA;1;49960.0;0.025650959148863967
19343311000181;CASTRO & SANTOS CONTROLADORA DE PRAGAS LTDA;1;49613.14;0.025472870844412913
04969191000155;NOVITECH COMERCIO E SERVICOS LTDA;1;43460.0;0.022313664623891675
35147368000161;MINERVA ENGENHARIA LTDA;1;42797.61;0.021973573774599922
03143862000161;EMPREITEC CONSTRUCOES E MANUTENCOES LTDA;1;34844.8;0.017890363117500706
60501293000112;EDITORA REVISTA DOS TRIBUNAIS LTDA;1;29012.72;0.014895998709316027
33065699000127;SEGUROS SURA S.A.;2;18562.09;0.009530332512160457
21489154000169;HELENA MIRANDA MUNIZ SANEAMENTOS E SERVICOS TERCEIRIZADOS LTDA.;1;18500.0;0.009498453647998067
08018281000111;DATATERRA ENGENHARIA PROJETOS E CONSULTORIA LTDA;1;11340.0;0.005822295371259356
04328924000172;ATITUDE SABER E SOLUCOES EM SERVICOS LTDA;1;10977.12;0.005635981919379057
36289988000106;COMPMINAS COMERCIO DE INFORMATICA LTDA;1;9652.5;0.004955882369583857
31856708000172;ANDRE A RODRIGUES ENGENHARIA;1;8980.5;0.0046108574586944135
39934009000105;KIAI COMERCIAL - SOCIEDADE UNIPESSOAL LTDA;1;7920.0;0.00406636502119701
13844834000125;BULBLESS SERVICOS AMBIENTAIS LTDA;1;7800.0;0.004004753429966753
54517369000103;JESSICA ALVES COMERCIAL LTDA;1;6800.0;0.003491323503047938
41667565000104;EXODO SOLUCOES AMBIENTAIS E BENEFICIAMENTO DE RESIDUOS LTDA;1;6103.2;0.0031335655299709084
46040353000116;EVA COMERCIAL LTDA;1;5440.0;0.0027930588024383507
35414241000161;DESINTEC CONTROLE AMBIENTAL LTDA;1;5396.0;0.0027704678856539226
18876112000176;GIBBOR PUBLICIDADE E PUBLICACOES DE EDITAIS LTDA;1;4345.5;0.0022311097474257083
28732430000117;CLAUDINEI TONIETTI;1;4051.4;0.0020801100059188848
23484444000145;3F LTDA;1;3996.0;0.0020516659879675826
00398022000232;PRO ANALISE QUIMICA E DIAGNOSTICA LTDA;1;3102.71;0.0015930241685502748
29122044000176;EXPANSAO E-COMMERCE LTDA;1;1980.0;0.0010165912552992525
26473382000164;CICLO 3 ENGENHARIA E GERENCIAMENTO DE RESIDUOS LTDA;1;0.4;2.0537197076752582e-07
PF_002;Fornecedor pessoa física PF_002;1;0.0;0.0
