ID_PNCP;Numero_Contrato;Ano_Contrato;CNPJ_Orgao;Orgao;Unidade;Categoria;Tipo_Instrumento;Receita;Tipo_Pessoa_Fornecedor;ID_Fornecedor;Fornecedor;Valor_Inicial;Valor_Global;Data_Assinatura;Data_Publicacao;Data_Vigencia_Inicio;Data_Vigencia_Fim;Numero_Retificacoes;No_Escopo;Vigencia_Dias;Intervalo_Publicacao_Dias;Valor_Valido;Vigencia_Valida;Publicacao_Valida;Observacao_Qualidade;Outlier_Valor_Global;Outlier_Vigencia_Dias;Outlier_Intervalo_Publicacao_Dias
60453032000174-2-000186/2024;00130;2024;60453032000174;UNIVERSIDADE FEDERAL DE SAO PAULO;MEC-UNIVERSIDADE FEDERAL DE SAO PAULO/SP;Serviços;Contrato (termo inicial);False;PJ;07437996000146;FUNDACAO DE APOIO A UNIVERSIDADE FEDERAL DE SAO PAULO;107028.74;139960.66;2024-12-31T00:00:00;2025-01-03T11:35:00;2024-12-31T00:00:00;2026-01-30T00:00:00;1;True;395;3;True;True;True;;False;False;False
60453032000174-2-000187/2024;00109;2024;60453032000174;UNIVERSIDADE FEDERAL DE SAO PAULO;MEC-UNIVERSIDADE FEDERAL DE SAO PAULO/SP;Serviços;Contrato (termo inicial);False;PJ;07437996000146;FUNDACAO DE APOIO A UNIVERSIDADE FEDERAL DE SAO PAULO;146049.0;146049.0;2024-12-31T00:00:00;2025-01-03T11:39:40;2024-12-31T00:00:00;2026-01-30T00:00:00;0;True;395;3;True;True;True;;False;False;False
60453032000174-2-000188/2024;00189;2024;60453032000174;UNIVERSIDADE FEDERAL DE SAO PAULO;MEC-UNIVERSIDADE FEDERAL DE SAO PAULO/SP;Serviços;Contrato (termo inicial);False;PJ;07437996000146;FUNDACAO DE APOIO A UNIVERSIDADE FEDERAL DE SAO PAULO;137050.0;147592.34;2024-12-31T00:00:00;2025-01-03T11:45:13;2024-12-31T00:00:00;2026-01-30T00:00:00;1;True;395;3;True;True;True;;False;False;False
60453032000174-2-000189/2024;00191;2024;60453032000174;UNIVERSIDADE FEDERAL DE SAO PAULO;MEC-UNIVERSIDADE FEDERAL DE SAO PAULO/SP;Serviços;Contrato (termo inicial);False;PJ;07437996000146;FUNDACAO DE APOIO A UNIVERSIDADE FEDERAL DE SAO PAULO;211914.25;211914.25;2024-12-31T00:00:00;2025-01-03T11:52:14;2024-12-31T00:00:00;2026-01-30T00:00:00;1;True;395;3;True;True;True;;False;False;False
60453032000174-2-000193/2024;00188;2024;60453032000174;UNIVERSIDADE FEDERAL DE SAO PAULO;MEC-UNIVERSIDADE FEDERAL DE SAO PAULO/SP;Serviços;Contrato (termo inicial);False;PJ;09045285000151;VILELA COELHO SOCIEDADE DE ADVOGADOS;363723.0;363723.0;2025-01-09T00:00:00;2025-01-13T11:06:08;2025-01-09T00:00:00;2026-01-08T00:00:00;0;True;364;4;True;True;True;;False;False;False
60453032000174-2-000194/2024;00181;2024;60453032000174;UNIVERSIDADE FEDERAL DE SAO PAULO;MEC-UNIVERSIDADE FEDERAL DE SAO PAULO/SP;Serviços;Contrato (termo inicial);False;PJ;07437996000146;FUNDACAO DE APOIO A UNIVERSIDADE FEDERAL DE SAO PAULO;143100.0;143100.0;2024-12-18T00:00:00;2025-01-14T08:30:34;2024-12-18T00:00:00;2025-09-18T00:00:00;0;True;274;27;True;True;True;;False;False;True
60453032000174-2-000001/2025;00001;2025;60453032000174;UNIVERSIDADE FEDERAL DE SAO PAULO;MEC-UNIVERSIDADE FEDERAL DE SAO PAULO/SP;Serviços;Contrato (termo inicial);False;PJ;29153266000156;ORANGEBIO CONTROLE INTEGRADO DE PRAGAS E HIGIENIZACOES LTDA;62930.0;62930.0;2025-01-14T00:00:00;2025-01-14T14:13:39;2025-01-14T00:00:00;2028-01-14T00:00:00;0;True;1095;0;True;True;True;;False;False;False
60453032000174-2-000002/2025;00007;2025;60453032000174;UNIVERSIDADE FEDERAL DE SAO PAULO;MEC-UNIVERSIDADE FEDERAL DE SAO PAULO/SP;Serviços;Contrato (termo inicial);False;PJ;11735329000117;I9 SOLUTIONS - SOLUCOES COMERCIAIS E GESTAO DE TRANSPORTE LTDA;39780.0;39780.0;2025-01-16T00:00:00;2025-01-17T10:28:16;2025-01-16T00:00:00;2026-01-16T00:00:00;0;True;365;1;True;True;True;;False;False;False
60453032000174-2-000003/2025;00005;2025;60453032000174;UNIVERSIDADE FEDERAL DE SAO PAULO;MEC-UNIVERSIDADE FEDERAL DE SAO PAULO/SP;Serviços;Contrato (termo inicial);False;PJ;07437996000146;FUNDACAO DE APOIO A UNIVERSIDADE FEDERAL DE SAO PAULO;399000.0;399000.0;2025-01-10T00:00:00;2025-01-20T09:50:48;2025-01-10T00:00:00;2026-02-22T00:00:00;0;True;408;10;True;True;True;;False;False;False
60453032000174-2-000004/2025;00008;2025;60453032000174;UNIVERSIDADE FEDERAL DE SAO PAULO;MEC-UNIVERSIDADE FEDERAL DE SAO PAULO/SP;Serviços;Contrato (termo inicial);False;PJ;07437996000146;FUNDACAO DE APOIO A UNIVERSIDADE FEDERAL DE SAO PAULO;1044240.0;1044240.0;2025-01-15T00:00:00;2025-01-20T10:03:20;2025-01-15T00:00:00;2026-05-06T00:00:00;0;True;476;5;True;True;True;;False;False;False
60453032000174-2-000005/2025;00010;2025;60453032000174;UNIVERSIDADE FEDERAL DE SAO PAULO;MEC-UNIVERSIDADE FEDERAL DE SAO PAULO/SP;Serviços;Contrato (termo inicial);False;PJ;07437996000146;FUNDACAO DE APOIO A UNIVERSIDADE FEDERAL DE SAO PAULO;598000.0;598000.0;2025-01-16T00:00:00;2025-01-20T10:34:02;2025-01-16T00:00:00;2026-09-01T00:00:00;0;True;593;4;True;True;True;;False;False;False
60453032000174-2-000006/2025;00009;2025;60453032000174;UNIVERSIDADE FEDERAL DE SAO PAULO;MEC-UNIVERSIDADE FEDERAL DE SAO PAULO/SP;Serviços;Contrato (termo inicial);False;PJ;07437996000146;FUNDACAO DE APOIO A UNIVERSIDADE FEDERAL DE SAO PAULO;525340.0;525340.0;2025-01-16T00:00:00;2025-01-20T10:52:50;2025-01-16T00:00:00;2026-07-07T00:00:00;0;True;537;4;True;True;True;;False;False;False
60453032000174-2-000007/2025;00006;2025;60453032000174;UNIVERSIDADE FEDERAL DE SAO PAULO;MEC-UNIVERSIDADE FEDERAL DE SAO PAULO/SP;Serviços;Contrato (termo inicial);False;PJ;13844834000125;BULBLESS SERVICOS AMBIENTAIS LTDA;7800.0;7800.0;2025-01-20T00:00:00;2025-01-21T09:55:56;2025-01-20T00:00:00;2027-01-19T00:00:00;0;True;729;1;True;True;True;;False;False;False
60453032000174-2-000008/2025;00002;2025;60453032000174;UNIVERSIDADE FEDERAL DE SAO PAULO;MEC-UNIVERSIDADE FEDERAL DE SAO PAULO/SP;Serviços;Contrato (termo inicial);False;PJ;07437996000146;FUNDACAO DE APOIO A UNIVERSIDADE FEDERAL DE SAO PAULO;8000000.0;8000000.0;2025-01-20T00:00:00;2025-01-21T12:43:18;2025-01-20T00:00:00;2028-01-20T00:00:00;1;True;1095;1;True;True;True;;True;False;False
60453032000174-2-000009/2025;00012;2025;60453032000174;UNIVERSIDADE FEDERAL DE SAO PAULO;MEC-UNIVERSIDADE FEDERAL DE SAO PAULO/SP;Compras;Contrato (termo inicial);False;PJ;04969191000155;NOVITECH COMERCIO E SERVICOS LTDA;43460.0;43460.0;2025-01-21T00:00:00;2025-01-21T15:01:45;2025-01-21T00:00:00;2027-01-21T00:00:00;0;True;730;0;True;True;True;;False;False;False
60453032000174-2-000206/2024;00169;2024;60453032000174;UNIVERSIDADE FEDERAL DE SAO PAULO;MEC-UNIVERSIDADE FEDERAL DE SAO PAULO/SP;Serviços;Contrato (termo inicial);False;PJ;59055921000102;INNOVAMED MANUTENCAO DE EQUIPAMENTOS MEDICOS LTDA;518019.0;518019.0;2025-01-20T00:00:00;2025-01-22T12:44:12;2025-01-20T00:00:00;2027-01-20T00:00:00;1;True;730;2;True;True;True;;False;False;False
60453032000174-2-000208/2024;00138;2024;60453032000174;UNIVERSIDADE FEDERAL DE SAO PAULO;MEC-UNIVERSIDADE FEDERAL DE SAO PAULO/SP;Serviços;Contrato (termo inicial);False;PJ;07437996000146;FUNDACAO DE APOIO A UNIVERSIDADE FEDERAL DE SAO PAULO;245400.0;245400.0;2024-11-29T00:00:00;2025-01-22T21:38:54;2024-12-01T00:00:00;2027-06-30T00:00:00;1;True;941;54;True;True;True;;False;False;True
60453032000174-2-000010/2025;00014;2025;60453032000174;UNIVERSIDADE FEDERAL DE SAO PAULO;MEC-UNIVERSIDADE FEDERAL DE SAO PAULO/SP;Serviços;Contrato (termo inicial);False;PJ;79283065000907;ORBENK ADMINISTRACAO E SERVICOS LTDA.;1853967.08;25165750.62;2025-01-23T00:00:00;2025-01-23T11:34:51;2025-02-03T00:00:00;2026-02-02T00:00:00;1;True;364;0;True;True;True;;True;False;False
60453032000174-2-000011/2025;00011;2025;60453032000174;UNIVERSIDADE FEDERAL DE SAO PAULO;MEC-UNIVERSIDADE FEDERAL DE SAO PAULO/SP;Serviços;Contrato (termo inicial);False;PJ;07437996000146;FUNDACAO DE APOIO A UNIVERSIDADE FEDERAL DE SAO PAULO;164112.86;164112.86;2025-01-27T00:00:00;2025-01-24T11:18:38;2025-01-27T00:00:00;2025-09-30T00:00:00;1;True;246;-3;True;True;False;intervalo assinatura-publicação ausente ou negativo;False;False;False
60453032000174-2-000012/2025;00013;2025;60453032000174;UNIVERSIDADE FEDERAL DE SAO PAULO;MEC-UNIVERSIDADE FEDERAL DE SAO PAULO/SP;Serviços;Contrato (termo inicial);False;PJ;07437996000146;FUNDACAO DE APOIO A UNIVERSIDADE FEDERAL DE SAO PAULO;489957.3;489957.3;2025-01-27T00:00:00;2025-01-27T12:34:49;2025-01-27T00:00:00;2025-11-29T00:00:00;1;True;306;0;True;True;True;;False;False;False
60453032000174-2-000220/2024;00120;2024;60453032000174;UNIVERSIDADE FEDERAL DE SAO PAULO;MEC-UNIVERSIDADE FEDERAL DE SAO PAULO/SP;Serviços;Contrato (termo inicial);False;PJ;10658360000139;ATENAS ELEVADORES LTDA;78400.0;78400.0;2025-01-28T00:00:00;2025-01-28T14:13:53;2025-02-01T00:00:00;2026-01-31T00:00:00;0;True;364;0;True;True;True;;False;False;False
60453032000174-2-000013/2025;00016;2025;60453032000174;UNIVERSIDADE FEDERAL DE SAO PAULO;MEC-UNIVERSIDADE FEDERAL DE SAO PAULO/SP;Serviços;Contrato (termo inicial);False;PJ;07437996000146;FUNDACAO DE APOIO A UNIVERSIDADE FEDERAL DE SAO PAULO;61107.3;61107.3;2025-01-29T00:00:00;2025-01-29T08:43:48;2025-01-29T00:00:00;2026-06-30T00:00:00;1;True;517;0;True;True;True;;False;False;False
60453032000174-2-000014/2025;00019;2025;60453032000174;UNIVERSIDADE FEDERAL DE SAO PAULO;MEC-UNIVERSIDADE FEDERAL DE SAO PAULO/SP;Serviços;Contrato (termo inicial);False;PJ;07437996000146;FUNDACAO DE APOIO A UNIVERSIDADE FEDERAL DE SAO PAULO;503850.0;503850.0;2025-01-29T00:00:00;2025-01-29T13:55:08;2025-01-29T00:00:00;2026-09-30T00:00:00;1;True;609;0;True;True;True;;False;False;False
60453032000174-2-000015/2025;00018;2025;60453032000174;UNIVERSIDADE FEDERAL DE SAO PAULO;MEC-UNIVERSIDADE FEDERAL DE SAO PAULO/SP;Serviços;Contrato (termo inicial);False;PJ;04198254000117;MCR SISTEMAS E CONSULTORIA LTDA;176524.4;176524.4;2025-01-31T00:00:00;2025-02-04T15:50:48;2025-01-31T00:00:00;2028-01-31T00:00:00;0;True;1095;4;True;True;True;;False;False;False
60453032000174-2-000016/2025;00022;2025;60453032000174;UNIVERSIDADE FEDERAL DE SAO PAULO;HOSPITAL UNIVERSITARIO DA UNIFESP;Compras;Contrato (termo inicial);False;PJ;03952368000148;HOSPLIFE COMERCIO DE EQUIPAMENTOS HOSPITALARES LTDA;177800.0;177800.0;2025-02-03T00:00:00;2025-02-06T18:03:06;2025-02-03T00:00:00;2026-02-02T00:00:00;0;True;364;3;True;True;True;;False;False;False
60453032000174-2-000017/2025;00023;2025;60453032000174;UNIVERSIDADE FEDERAL DE SAO PAULO;MEC-UNIVERSIDADE FEDERAL DE SAO PAULO/SP;Serviços;Contrato (termo inicial);False;PJ;23160346000152;RAVE CONSTRUTORA LTDA;187607.65;187607.65;2025-02-07T00:00:00;2025-02-10T09:12:09;2025-02-07T00:00:00;2026-02-07T00:00:00;0;True;365;3;True;True;True;;False;False;False
60453032000174-2-000018/2025;00017;2025;60453032000174;UNIVERSIDADE FEDERAL DE SAO PAULO;MEC-UNIVERSIDADE FEDERAL DE SAO PAULO/SP;Serviços de Engenharia;Contrato (termo inicial);False;PJ;13609718000121;JD CONSTRUCOES E SERVICOS LTDA;2148902.82;2148902.82;2025-02-07T00:00:00;2025-02-10T09:25:04;2025-02-07T00:00:00;2026-02-07T00:00:00;0;True;365;3;True;True;True;;True;False;False
60453032000174-2-000019/2025;00021;2025;60453032000174;UNIVERSIDADE FEDERAL DE SAO PAULO;MEC-UNIVERSIDADE FEDERAL DE SAO PAULO/SP;Serviços;Contrato (termo inicial);False;PJ;07437996000146;FUNDACAO DE APOIO A UNIVERSIDADE FEDERAL DE SAO PAULO;234500.0;234500.0;2025-02-07T00:00:00;2025-02-10T17:33:08;2025-02-07T00:00:00;2027-02-07T00:00:00;0;True;730;3;True;True;True;;False;False;False
60453032000174-2-000020/2025;00015;2025;60453032000174;UNIVERSIDADE FEDERAL DE SAO PAULO;MEC-UNIVERSIDADE FEDERAL DE SAO PAULO/SP;Serviços;Contrato (termo inicial);False;PJ;18090313000143;DALA SERVICE AR CONDICIONADO LTDA;97344.84;97344.84;2025-01-23T00:00:00;2025-02-10T21:14:22;2025-01-27T00:00:00;2026-01-26T00:00:00;2;True;364;18;True;True;True;;False;False;True
60453032000174-2-000231/2024;00185;2024;60453032000174;UNIVERSIDADE FEDERAL DE SAO PAULO;MEC-UNIVERSIDADE FEDERAL DE SAO PAULO/SP;Serviços;Contrato (termo inicial);False;PJ;07437996000146;FUNDACAO DE APOIO A UNIVERSIDADE FEDERAL DE SAO PAULO;100000.0;100000.0;2024-12-19T00:00:00;2025-02-11T10:28:08;2024-12-19T00:00:00;2025-12-19T00:00:00;0;True;365;54;True;True;True;;False;False;True
60453032000174-2-000234/2024;00048;2024;60453032000174;UNIVERSIDADE FEDERAL DE SAO PAULO;HOSPITAL UNIVERSITARIO DA UNIFESP;Compras;Contrato (termo inicial);False;PJ;62413869000115;GIGANTE RECEM NASCIDO LTDA.;112800.0;112800.0;2024-02-28T00:00:00;2025-02-11T16:24:33;2024-02-28T00:00:00;2025-02-28T00:00:00;0;True;366;349;True;True;True;;False;False;True
60453032000174-2-000022/2025;00024;2025;60453032000174;UNIVERSIDADE FEDERAL DE SAO PAULO;MEC-UNIVERSIDADE FEDERAL DE SAO PAULO/SP;Serviços;Contrato (termo inicial);False;PJ;40632016000131;WJ ENGENHARIA LTDA;573000.0;573000.0;2025-02-04T00:00:00;2025-02-11T16:51:43;2025-02-04T00:00:00;2026-03-03T00:00:00;0;True;392;7;True;True;True;;False;False;False
60453032000174-2-000236/2024;00046;2024;60453032000174;UNIVERSIDADE FEDERAL DE SAO PAULO;HOSPITAL UNIVERSITARIO DA UNIFESP;Compras;Contrato (termo inicial);False;PJ;03952368000148;HOSPLIFE COMERCIO DE EQUIPAMENTOS HOSPITALARES LTDA;272760.0;272760.0;2024-02-28T00:00:00;2025-02-12T15:39:14;2024-02-28T00:00:00;2026-02-28T00:00:00;1;True;731;350;True;True;True;;False;False;True
60453032000174-2-000024/2025;00003;2025;60453032000174;UNIVERSIDADE FEDERAL DE SAO PAULO;MEC-UNIVERSIDADE FEDERAL DE SAO PAULO/SP;Serviços;Contrato (termo inicial);False;PJ;19343311000181;CASTRO & SANTOS CONTROLADORA DE PRAGAS LTDA;49613.14;49613.14;2025-02-14T00:00:00;2025-02-17T07:53:25;2025-03-02T00:00:00;2028-03-02T00:00:00;2;True;1096;3;True;True;True;;False;False;False
60453032000174-2-000240/2024;00178;2024;60453032000174;UNIVERSIDADE FEDERAL DE SAO PAULO;MEC-UNIVERSIDADE FEDERAL DE SAO PAULO/SP;Compras;Contrato (termo inicial);False;PJ;92792530000138;SONOVA DO BRASIL PRODUTOS AUDIOLOGICOS LTDA;199300.0;199300.0;2025-02-14T00:00:00;2025-02-17T09:51:50;2025-02-14T00:00:00;2027-08-14T00:00:00;1;True;911;3;True;True;True;;False;False;False
60453032000174-2-000025/2025;00004;2025;60453032000174;UNIVERSIDADE FEDERAL DE SAO PAULO;MEC-UNIVERSIDADE FEDERAL DE SAO PAULO/SP;Serviços;Contrato (termo inicial);False;PJ;07437996000146;FUNDACAO DE APOIO A UNIVERSIDADE FEDERAL DE SAO PAULO;1945200.0;1945200.0;2025-02-14T00:00:00;2025-02-17T14:22:45;2025-02-14T00:00:00;2026-05-21T00:00:00;0;True;461;3;True;True;True;;True;False;False
60453032000174-2-000029/2025;00033;2025;60453032000174;UNIVERSIDADE FEDERAL DE SAO PAULO;MEC-UNIVERSIDADE FEDERAL DE SAO PAULO/SP;Serviços;Contrato (termo inicial);False;PJ;07437996000146;FUNDACAO DE APOIO A UNIVERSIDADE FEDERAL DE SAO PAULO;418600.0;418600.0;2025-02-26T00:00:00;2025-02-26T17:16:07;2025-02-26T00:00:00;2026-06-04T00:00:00;0;True;463;0;True;True;True;;False;False;False
60453032000174-2-000030/2025;00031;2025;60453032000174;UNIVERSIDADE FEDERAL DE SAO PAULO;MEC-UNIVERSIDADE FEDERAL DE SAO PAULO/SP;Serviços;Contrato (termo inicial);False;PJ;22102062000147;SAMPAIO SERVICOS E COMERCIO LTDA;1541175.0;1541175.0;2025-02-27T00:00:00;2025-02-27T15:26:52;2025-02-27T00:00:00;2026-02-27T00:00:00;1;True;365;0;True;True;True;;True;False;False
60453032000174-2-000031/2025;00027;2025;60453032000174;UNIVERSIDADE FEDERAL DE SAO PAULO;MEC-UNIVERSIDADE FEDERAL DE SAO PAULO/SP;Serviços;Contrato (termo inicial);False;PJ;09411290000130;IGUASSEG ASSEIO E CONSERVACAO LTDA;178807.2;178807.2;2025-02-28T00:00:00;2025-03-06T08:33:20;2025-03-10T00:00:00;2026-03-09T00:00:00;0;True;364;6;True;True;True;;False;False;False
60453032000174-2-000032/2025;00036;2025;60453032000174;UNIVERSIDADE FEDERAL DE SAO PAULO;MEC-UNIVERSIDADE FEDERAL DE SAO PAULO/SP;Serviços;Contrato (termo inicial);False;PJ;07437996000146;FUNDACAO DE APOIO A UNIVERSIDADE FEDERAL DE SAO PAULO;50200.0;50200.0;2025-03-06T00:00:00;2025-03-06T13:21:54;2025-03-06T00:00:00;2026-05-20T00:00:00;0;True;440;0;True;True;True;;False;False;False
60453032000174-2-000034/2025;00037;2025;60453032000174;UNIVERSIDADE FEDERAL DE SAO PAULO;MEC-UNIVERSIDADE FEDERAL DE SAO PAULO/SP;Serviços;Contrato (termo inicial);False;PJ;26439369000199;TECFY TECNOLOGIA E SISTEMAS LTDA;258800.0;258800.04;2025-03-10T00:00:00;2025-03-14T11:17:17;2025-03-10T00:00:00;2026-03-09T00:00:00;1;True;364;4;True;True;True;;False;False;False
60453032000174-2-000035/2025;00025;2025;60453032000174;UNIVERSIDADE FEDERAL DE SAO PAULO;MEC-UNIVERSIDADE FEDERAL DE SAO PAULO/SP;Serviços;Contrato (termo inicial);False;PJ;12313996000174;VRG SISTEMAS CENTRAIS DE AR CONDICIONADO LTDA;1060000.0;1060000.0;2025-02-07T00:00:00;2025-03-14T14:25:47;2025-02-14T00:00:00;2025-12-13T00:00:00;0;True;302;35;True;True;True;;False;False;True
60453032000174-2-000036/2025;00044;2025;60453032000174;UNIVERSIDADE FEDERAL DE SAO PAULO;MEC-UNIVERSIDADE FEDERAL DE SAO PAULO/SP;Serviços;Contrato (termo inicial);False;PJ;07437996000146;FUNDACAO DE APOIO A UNIVERSIDADE FEDERAL DE SAO PAULO;686316.92;686316.92;2025-03-14T00:00:00;2025-03-17T11:13:57;2025-03-14T00:00:00;2027-03-14T00:00:00;0;True;730;3;True;True;True;;False;False;False
60453032000174-2-000037/2025;00043;2025;60453032000174;UNIVERSIDADE FEDERAL DE SAO PAULO;MEC-UNIVERSIDADE FEDERAL DE SAO PAULO/SP;Informática (TIC);Contrato (termo inicial);False;PJ;04198254000117;MCR SISTEMAS E CONSULTORIA LTDA;56223.68;56223.68;2025-03-14T00:00:00;2025-03-17T17:05:05;2025-03-14T00:00:00;2028-03-13T00:00:00;2;True;1095;3;True;True;True;;False;False;False
60453032000174-2-000038/2025;00032;2025;60453032000174;UNIVERSIDADE FEDERAL DE SAO PAULO;MEC-UNIVERSIDADE FEDERAL DE SAO PAULO/SP;Serviços;Contrato (termo inicial);False;PJ;22102062000147;SAMPAIO SERVICOS E COMERCIO LTDA;600602.26;600602.26;2025-03-17T00:00:00;2025-03-18T08:30:08;2025-03-17T00:00:00;2026-03-17T00:00:00;1;True;365;1;True;True;True;;False;False;False
60453032000174-2-000039/2025;00045;2025;60453032000174;UNIVERSIDADE FEDERAL DE SAO PAULO;MEC-UNIVERSIDADE FEDERAL DE SAO PAULO/SP;Serviços;Contrato (termo inicial);False;PJ;07437996000146;FUNDACAO DE APOIO A UNIVERSIDADE FEDERAL DE SAO PAULO;534600.0;534600.0;2025-03-18T00:00:00;2025-03-18T14:34:46;2025-03-18T00:00:00;2027-07-10T00:00:00;0;True;844;0;True;True;True;;False;False;False
60453032000174-2-000043/2025;00046;2025;60453032000174;UNIVERSIDADE FEDERAL DE SAO PAULO;MEC-UNIVERSIDADE FEDERAL DE SAO PAULO/SP;Serviços;Contrato (termo inicial);False;PJ;07437996000146;FUNDACAO DE APOIO A UNIVERSIDADE FEDERAL DE SAO PAULO;38800.0;38800.0;2025-03-20T00:00:00;2025-03-21T13:49:14;2025-03-20T00:00:00;2025-11-30T00:00:00;0;True;255;1;True;True;True;;False;False;False
60453032000174-2-000045/2025;00030;2025;60453032000174;UNIVERSIDADE FEDERAL DE SAO PAULO;MEC-UNIVERSIDADE FEDERAL DE SAO PAULO/SP;Serviços;Contrato (termo inicial);False;PJ;07437996000146;FUNDACAO DE APOIO A UNIVERSIDADE FEDERAL DE SAO PAULO;200000.0;200000.0;2025-03-06T00:00:00;2025-03-25T18:52:31;2025-03-06T00:00:00;2025-07-31T00:00:00;0;True;147;19;True;True;True;;False;False;True
60453032000174-2-000046/2025;00029;2025;60453032000174;UNIVERSIDADE FEDERAL DE SAO PAULO;MEC-UNIVERSIDADE FEDERAL DE SAO PAULO/SP;Serviços;Contrato (termo inicial);False;PJ;07437996000146;FUNDACAO DE APOIO A UNIVERSIDADE FEDERAL DE SAO PAULO;300000.0;300000.0;2025-03-06T00:00:00;2025-03-25T19:35:39;2025-03-06T00:00:00;2025-07-31T00:00:00;0;True;147;19;True;True;True;;False;False;True
60453032000174-2-000049/2025;00048;2025;60453032000174;UNIVERSIDADE FEDERAL DE SAO PAULO;MEC-UNIVERSIDADE FEDERAL DE SAO PAULO/SP;Serviços;Contrato (termo inicial);False;PJ;12904815000184;RIO MINAS CONSERVACAO E LIMPEZA LTDA;879551.16;879551.28;2025-03-27T00:00:00;2025-03-28T09:31:33;2025-05-13T00:00:00;2027-05-12T00:00:00;1;True;729;1;True;True;True;;False;False;False
60453032000174-2-000050/2025;00052;2025;60453032000174;UNIVERSIDADE FEDERAL DE SAO PAULO;MEC-UNIVERSIDADE FEDERAL DE SAO PAULO/SP;Serviços;Contrato (termo inicial);False;PJ;07437996000146;FUNDACAO DE APOIO A UNIVERSIDADE FEDERAL DE SAO PAULO;961400.0;961400.0;2025-03-27T00:00:00;2025-03-28T16:23:51;2025-03-28T00:00:00;2026-06-24T00:00:00;0;True;453;1;True;True;True;;False;False;False
60453032000174-2-000051/2025;00051;2025;60453032000174;UNIVERSIDADE FEDERAL DE SAO PAULO;MEC-UNIVERSIDADE FEDERAL DE SAO PAULO/SP;Mão de Obra;Contrato (termo inicial);False;PJ;08901037000100;EDR SOLUCOES EMPRESARIAIS LTDA;150479.64;170493.81;2024-03-28T00:00:00;2025-03-31T10:02:14;2025-03-28T00:00:00;2026-03-28T00:00:00;4;True;365;368;True;True;True;;False;False;True
60453032000174-2-000052/2025;00039;2025;60453032000174;UNIVERSIDADE FEDERAL DE SAO PAULO;MEC-UNIVERSIDADE FEDERAL DE SAO PAULO/SP;Serviços;Contrato (termo inicial);False;PJ;60501293000112;EDITORA REVISTA DOS TRIBUNAIS LTDA;29012.72;29012.72;2025-03-24T00:00:00;2025-04-01T08:31:04;2025-04-01T00:00:00;2026-03-31T00:00:00;0;True;364;8;True;True;True;;False;False;False
60453032000174-2-000055/2025;00042;2025;60453032000174;UNIVERSIDADE FEDERAL DE SAO PAULO;HOSPITAL UNIVERSITARIO DA UNIFESP;Compras;Contrato (termo inicial);False;PJ;58652728000188;JJSV PRODUTOS OTICOS LTDA.;399536.28;399536.28;2025-04-07T00:00:00;2025-04-07T12:23:49;2025-05-07T00:00:00;2027-05-07T00:00:00;1;True;730;0;True;True;True;;False;False;False
60453032000174-2-000058/2025;00047;2025;60453032000174;UNIVERSIDADE FEDERAL DE SAO PAULO;MEC-UNIVERSIDADE FEDERAL DE SAO PAULO/SP;Serviços;Contrato (termo inicial);False;PJ;07437996000146;FUNDACAO DE APOIO A UNIVERSIDADE FEDERAL DE SAO PAULO;480553.48;480553.48;2025-03-25T00:00:00;2025-04-09T15:34:31;2025-03-25T00:00:00;2026-03-25T00:00:00;0;True;365;15;True;True;True;;False;False;True
60453032000174-2-000062/2025;00049;2025;60453032000174;UNIVERSIDADE FEDERAL DE SAO PAULO;MEC-UNIVERSIDADE FEDERAL DE SAO PAULO/SP;Serviços;Contrato (termo inicial);False;PJ;07437996000146;FUNDACAO DE APOIO A UNIVERSIDADE FEDERAL DE SAO PAULO;150000.0;150000.0;2025-03-25T00:00:00;2025-04-11T10:13:47;2025-03-25T00:00:00;2026-03-25T00:00:00;0;True;365;17;True;True;True;;False;False;True
60453032000174-2-000063/2025;00055;2025;60453032000174;UNIVERSIDADE FEDERAL DE SAO PAULO;MEC-UNIVERSIDADE FEDERAL DE SAO PAULO/SP;Serviços;Contrato (termo inicial);False;PJ;07437996000146;FUNDACAO DE APOIO A UNIVERSIDADE FEDERAL DE SAO PAULO;50200.0;50200.0;2025-04-11T00:00:00;2025-04-11T16:24:04;2025-04-11T00:00:00;2026-07-01T00:00:00;1;True;446;0;True;True;True;;False;False;False
60453032000174-2-000065/2025;00060;2025;60453032000174;UNIVERSIDADE FEDERAL DE SAO PAULO;MEC-UNIVERSIDADE FEDERAL DE SAO PAULO/SP;Serviços;Contrato (termo inicial);False;PJ;21489154000169;HELENA MIRANDA MUNIZ SANEAMENTOS E SERVICOS TERCEIRIZADOS LTDA.;18500.0;18500.0;2025-04-15T00:00:00;2025-04-15T15:39:27;2025-04-22T00:00:00;2027-04-21T00:00:00;0;True;729;0;True;True;True;;False;False;False
60453032000174-2-000068/2025;00056;2025;60453032000174;UNIVERSIDADE FEDERAL DE SAO PAULO;MEC-UNIVERSIDADE FEDERAL DE SAO PAULO/SP;Serviços;Contrato (termo inicial);False;PJ;07437996000146;FUNDACAO DE APOIO A UNIVERSIDADE FEDERAL DE SAO PAULO;1706000.0;1706000.0;2025-04-14T00:00:00;2025-04-17T15:49:25;2025-04-14T00:00:00;2027-06-14T00:00:00;0;True;791;3;True;True;True;;True;False;False
60453032000174-2-000071/2025;00058;2025;60453032000174;UNIVERSIDADE FEDERAL DE SAO PAULO;MEC-UNIVERSIDADE FEDERAL DE SAO PAULO/SP;Serviços;Contrato (termo inicial);False;PJ;33065699000127;SEGUROS SURA S.A.;15817.26;15817.26;2025-04-17T00:00:00;2025-04-17T16:54:42;2025-04-17T00:00:00;2026-04-17T00:00:00;0;True;365;0;True;True;True;;False;False;False
60453032000174-2-000079/2025;00054;2025;60453032000174;UNIVERSIDADE FEDERAL DE SAO PAULO;MEC-UNIVERSIDADE FEDERAL DE SAO PAULO/SP;Serviços;Contrato (termo inicial);False;PJ;07437996000146;FUNDACAO DE APOIO A UNIVERSIDADE FEDERAL DE SAO PAULO;1393514.8;1393514.8;2025-04-01T00:00:00;2025-04-30T10:41:20;2025-04-01T00:00:00;2027-09-30T00:00:00;0;True;912;29;True;True;True;;True;False;True
60453032000174-2-000081/2025;00057;2025;60453032000174;UNIVERSIDADE FEDERAL DE SAO PAULO;MEC-UNIVERSIDADE FEDERAL DE SAO PAULO/SP;Serviços;Contrato (termo inicial);False;PJ;23559934000163;ENGESOLVE SOLUCOES AMBIENTAIS INTEGRADAS LTDA;197127.0;197127.0;2025-04-30T00:00:00;2025-05-05T16:33:30;2025-05-02T00:00:00;2027-05-01T00:00:00;0;True;729;5;True;True;True;;False;False;False
60453032000174-2-000082/2025;00063;2025;60453032000174;UNIVERSIDADE FEDERAL DE SAO PAULO;MEC-UNIVERSIDADE FEDERAL DE SAO PAULO/SP;Serviços;Contrato (termo inicial);False;PJ;50479476000125;VIACAO JACAREI LIMITADA;447635.3;447635.3;2025-05-06T00:00:00;2025-05-06T13:50:51;2025-05-06T00:00:00;2027-05-06T00:00:00;0;True;730;0;True;True;True;;False;False;False
60453032000174-2-000083/2025;00065;2025;60453032000174;UNIVERSIDADE FEDERAL DE SAO PAULO;MEC-UNIVERSIDADE FEDERAL DE SAO PAULO/SP;Serviços;Contrato (termo inicial);False;PF;PF_002;Fornecedor pessoa física PF_002;0.0;0.0;2025-05-07T00:00:00;2025-05-09T18:52:01;2025-05-07T00:00:00;2026-05-07T00:00:00;0;True;365;2;True;True;True;valor global zero: conferir cadastro;False;False;False
60453032000174-2-000085/2025;00067;2025;60453032000174;UNIVERSIDADE FEDERAL DE SAO PAULO;MEC-UNIVERSIDADE FEDERAL DE SAO PAULO/SP;Serviços;Contrato (termo inicial);False;PJ;07437996000146;FUNDACAO DE APOIO A UNIVERSIDADE FEDERAL DE SAO PAULO;150000.0;150000.0;2025-05-09T00:00:00;2025-05-13T17:56:47;2025-05-09T00:00:00;2027-07-09T00:00:00;0;True;791;4;True;True;True;;False;False;False
60453032000174-2-000087/2025;00066;2025;60453032000174;UNIVERSIDADE FEDERAL DE SAO PAULO;MEC-UNIVERSIDADE FEDERAL DE SAO PAULO/SP;Obras;Contrato (termo inicial);False;PJ;04147114000110;INCORPLAN ENGENHARIA LTDA;2832545.0;2832545.0;2025-05-09T00:00:00;2025-05-16T17:33:25;2025-05-09T00:00:00;2026-11-08T00:00:00;0;True;548;7;True;True;True;;True;False;False
60453032000174-2-000088/2025;00050;2025;60453032000174;UNIVERSIDADE FEDERAL DE SAO PAULO;MEC-UNIVERSIDADE FEDERAL DE SAO PAULO/SP;Serviços;Contrato (termo inicial);False;PJ;07437996000146;FUNDACAO DE APOIO A UNIVERSIDADE FEDERAL DE SAO PAULO;150000.0;150000.0;2025-03-28T00:00:00;2025-05-16T18:17:32;2025-03-28T00:00:00;2026-03-28T00:00:00;0;True;365;49;True;True;True;;False;False;True
60453032000174-2-000089/2025;00068;2025;60453032000174;UNIVERSIDADE FEDERAL DE SAO PAULO;MEC-UNIVERSIDADE FEDERAL DE SAO PAULO/SP;Serviços de Engenharia;Contrato (termo inicial);False;PJ;46313073000134;MATTOLI ENGENHARIA E SERVICOS LTDA;2458195.0;2458195.0;2025-05-16T00:00:00;2025-05-20T19:33:59;2025-05-19T00:00:00;2027-11-19T00:00:00;0;True;914;4;True;True;True;;True;False;False
60453032000174-2-000090/2025;00069;2025;60453032000174;UNIVERSIDADE FEDERAL DE SAO PAULO;MEC-UNIVERSIDADE FEDERAL DE SAO PAULO/SP;Serviços;Contrato (termo inicial);False;PJ;05340639000130;PRIME CONSULTORIA E ASSESSORIA EMPRESARIAL LTDA;186000.0;186000.0;2025-05-20T00:00:00;2025-05-21T08:30:19;2025-05-20T00:00:00;2027-05-19T00:00:00;0;True;729;1;True;True;True;;False;False;False
60453032000174-2-000092/2025;00064;2025;60453032000174;UNIVERSIDADE FEDERAL DE SAO PAULO;MEC-UNIVERSIDADE FEDERAL DE SAO PAULO/SP;Serviços;Contrato (termo inicial);False;PJ;07437996000146;FUNDACAO DE APOIO A UNIVERSIDADE FEDERAL DE SAO PAULO;120000.0;120000.0;2025-05-26T00:00:00;2025-05-26T17:05:04;2025-05-26T00:00:00;2025-11-26T00:00:00;0;True;184;0;True;True;True;;False;False;False
60453032000174-2-000095/2025;00072;2025;60453032000174;UNIVERSIDADE FEDERAL DE SAO PAULO;MEC-UNIVERSIDADE FEDERAL DE SAO PAULO/SP;Serviços;Contrato (termo inicial);False;PJ;07437996000146;FUNDACAO DE APOIO A UNIVERSIDADE FEDERAL DE SAO PAULO;326800.0;326800.0;2025-05-27T00:00:00;2025-05-28T09:05:50;2025-05-27T00:00:00;2025-10-22T00:00:00;0;True;148;1;True;True;True;;False;False;False
60453032000174-2-000096/2025;00070;2025;60453032000174;UNIVERSIDADE FEDERAL DE SAO PAULO;MEC-UNIVERSIDADE FEDERAL DE SAO PAULO/SP;Serviços;Contrato (termo inicial);False;PJ;84590900000126;LIMGER EMPRESA DE LIMPEZAS GERAIS E SERVICOS LTDA;2525806.72;2525806.72;2025-05-27T00:00:00;2025-05-28T16:58:57;2025-05-31T00:00:00;2026-05-31T00:00:00;0;True;365;1;True;True;True;;True;False;False
60453032000174-2-000097/2025;00041;2025;60453032000174;UNIVERSIDADE FEDERAL DE SAO PAULO;MEC-UNIVERSIDADE FEDERAL DE SAO PAULO/SP;Serviços;Contrato (termo inicial);False;PJ;21951854000123;SUPRANEW DO BRASIL COMERCIO E SERVICOS LTDA;202799.76;202799.76;2025-05-30T00:00:00;2025-05-30T11:27:22;2025-06-02T00:00:00;2026-06-01T00:00:00;0;True;364;0;True;True;True;;False;False;False
60453032000174-2-000099/2025;00075;2025;60453032000174;UNIVERSIDADE FEDERAL DE SAO PAULO;MEC-UNIVERSIDADE FEDERAL DE SAO PAULO/SP;Serviços;Contrato (termo inicial);False;PJ;11735329000117;I9 SOLUTIONS - SOLUCOES COMERCIAIS E GESTAO DE TRANSPORTE LTDA;86394.0;86394.0;2025-06-02T00:00:00;2025-06-02T20:29:13;2025-06-02T00:00:00;2026-06-01T00:00:00;0;True;364;0;True;True;True;;False;False;False
60453032000174-2-000102/2025;00073;2025;60453032000174;UNIVERSIDADE FEDERAL DE SAO PAULO;MEC-UNIVERSIDADE FEDERAL DE SAO PAULO/SP;Serviços;Contrato (termo inicial);False;PJ;58833575000175;PERSIANAS NOVA AMERICA LTDA;140810.0;140810.0;2025-06-05T00:00:00;2025-06-06T15:55:24;2025-06-05T00:00:00;2026-06-05T00:00:00;0;True;365;1;True;True;True;;False;False;False
60453032000174-2-000104/2025;00074;2025;60453032000174;UNIVERSIDADE FEDERAL DE SAO PAULO;MEC-UNIVERSIDADE FEDERAL DE SAO PAULO/SP;Serviços;Contrato (termo inicial);False;PJ;07437996000146;FUNDACAO DE APOIO A UNIVERSIDADE FEDERAL DE SAO PAULO;313160.0;313160.0;2025-06-03T00:00:00;2025-06-10T12:47:49;2025-06-03T00:00:00;2025-12-30T00:00:00;0;True;210;7;True;True;True;;False;False;False
60453032000174-2-000106/2025;00079;2025;60453032000174;UNIVERSIDADE FEDERAL DE SAO PAULO;MEC-UNIVERSIDADE FEDERAL DE SAO PAULO/SP;Serviços;Contrato (termo inicial);False;PJ;07437996000146;FUNDACAO DE APOIO A UNIVERSIDADE FEDERAL DE SAO PAULO;734560.0;734560.0;2025-06-11T00:00:00;2025-06-12T08:29:35;2025-06-11T00:00:00;2026-10-18T00:00:00;0;True;494;1;True;True;True;;False;False;False
60453032000174-2-000110/2025;00071;2025;60453032000174;UNIVERSIDADE FEDERAL DE SAO PAULO;MEC-UNIVERSIDADE FEDERAL DE SAO PAULO/SP;Serviços;Contrato (termo inicial);False;PJ;07437996000146;FUNDACAO DE APOIO A UNIVERSIDADE FEDERAL DE SAO PAULO;1000000.0;1000000.0;2025-06-03T00:00:00;2025-06-18T16:17:24;2025-06-03T00:00:00;2027-05-07T00:00:00;0;True;703;15;True;True;True;;False;False;True
60453032000174-2-000113/2025;00084;2025;60453032000174;UNIVERSIDADE FEDERAL DE SAO PAULO;MEC-UNIVERSIDADE FEDERAL DE SAO PAULO/SP;Serviços;Contrato (termo inicial);False;PJ;07437996000146;FUNDACAO DE APOIO A UNIVERSIDADE FEDERAL DE SAO PAULO;120000.0;120000.0;2025-06-24T00:00:00;2025-06-24T17:45:26;2025-06-24T00:00:00;2025-12-17T00:00:00;0;True;176;0;True;True;True;;False;False;False
60453032000174-2-000114/2025;00083;2025;60453032000174;UNIVERSIDADE FEDERAL DE SAO PAULO;MEC-UNIVERSIDADE FEDERAL DE SAO PAULO/SP;Serviços;Contrato (termo inicial);False;PJ;07437996000146;FUNDACAO DE APOIO A UNIVERSIDADE FEDERAL DE SAO PAULO;80000.0;80000.0;2025-06-24T00:00:00;2025-06-24T17:57:51;2025-06-24T00:00:00;2025-10-13T00:00:00;0;True;111;0;True;True;True;;False;False;False
60453032000174-2-000120/2025;00082;2025;60453032000174;UNIVERSIDADE FEDERAL DE SAO PAULO;MEC-UNIVERSIDADE FEDERAL DE SAO PAULO/SP;Serviços;Contrato (termo inicial);False;PJ;18876112000176;GIBBOR PUBLICIDADE E PUBLICACOES DE EDITAIS LTDA;4345.5;4345.5;2025-06-30T00:00:00;2025-06-30T16:40:16;2025-07-01T00:00:00;2026-12-31T00:00:00;0;True;548;0;True;True;True;;False;False;False
60453032000174-2-000123/2025;00085;2025;60453032000174;UNIVERSIDADE FEDERAL DE SAO PAULO;MEC-UNIVERSIDADE FEDERAL DE SAO PAULO/SP;Serviços;Contrato (termo inicial);False;PJ;35479406000183;SERVIIR SERVICOS DE TRADUCAO INTERPRETACAO  E TECNOLOGIA LTDA;66245.16;66245.16;2025-06-23T00:00:00;2025-07-07T09:17:43;2025-06-23T00:00:00;2025-10-22T00:00:00;0;True;121;14;True;True;True;;False;False;True
60453032000174-2-000125/2025;00089;2025;60453032000174;UNIVERSIDADE FEDERAL DE SAO PAULO;MEC-UNIVERSIDADE FEDERAL DE SAO PAULO/SP;Serviços;Contrato (termo inicial);False;PJ;05340639000130;PRIME CONSULTORIA E ASSESSORIA EMPRESARIAL LTDA;67778.66;67778.66;2025-07-07T00:00:00;2025-07-07T15:27:59;2025-07-15T00:00:00;2026-07-15T00:00:00;0;True;365;0;True;True;True;;False;False;False
60453032000174-2-000127/2025;00086;2025;60453032000174;UNIVERSIDADE FEDERAL DE SAO PAULO;MEC-UNIVERSIDADE FEDERAL DE SAO PAULO/SP;Serviços;Contrato (termo inicial);False;PJ;14391028000101;SETEBOM LTDA;228857.12;228857.12;2025-07-03T00:00:00;2025-07-07T18:14:22;2025-08-01T00:00:00;2026-07-31T00:00:00;0;True;364;4;True;True;True;;False;False;False
60453032000174-2-000128/2025;00092;2025;60453032000174;UNIVERSIDADE FEDERAL DE SAO PAULO;MEC-UNIVERSIDADE FEDERAL DE SAO PAULO/SP;Serviços;Contrato (termo inicial);False;PJ;07437996000146;FUNDACAO DE APOIO A UNIVERSIDADE FEDERAL DE SAO PAULO;1755125.05;1755125.05;2025-07-04T00:00:00;2025-07-07T18:26:55;2025-08-01T00:00:00;2027-09-30T00:00:00;1;True;790;3;True;True;True;;True;False;False
60453032000174-2-000134/2025;00076;2025;60453032000174;UNIVERSIDADE FEDERAL DE SAO PAULO;MEC-UNIVERSIDADE FEDERAL DE SAO PAULO/SP;Serviços;Contrato (termo inicial);False;PJ;07437996000146;FUNDACAO DE APOIO A UNIVERSIDADE FEDERAL DE SAO PAULO;4935500.0;4935500.0;2025-07-14T00:00:00;2025-07-14T13:43:24;2025-12-16T00:00:00;2031-02-16T00:00:00;0;True;1888;0;True;True;True;;True;True;False
60453032000174-2-000137/2025;00088;2025;60453032000174;UNIVERSIDADE FEDERAL DE SAO PAULO;MEC-UNIVERSIDADE FEDERAL DE SAO PAULO/SP;Serviços;Contrato (termo inicial);False;PJ;41317023000101;R3S SEGURANCA E COMERCIO LTDA.;143964.0;143964.0;2025-07-15T00:00:00;2025-07-15T17:29:18;2025-07-15T00:00:00;2028-07-15T00:00:00;1;True;1096;0;True;True;True;;False;False;False
60453032000174-2-000149/2025;00094;2025;60453032000174;UNIVERSIDADE FEDERAL DE SAO PAULO;MEC-UNIVERSIDADE FEDERAL DE SAO PAULO/SP;Serviços;Contrato (termo inicial);False;PJ;07437996000146;FUNDACAO DE APOIO A UNIVERSIDADE FEDERAL DE SAO PAULO;51000.0;51000.0;2025-07-22T00:00:00;2025-07-23T12:16:24;2025-07-22T00:00:00;2026-01-21T00:00:00;1;True;183;1;True;True;True;;False;False;False
60453032000174-2-000150/2025;00081;2025;60453032000174;UNIVERSIDADE FEDERAL DE SAO PAULO;MEC-UNIVERSIDADE FEDERAL DE SAO PAULO/SP;Serviços;Contrato (termo inicial);False;PJ;07437996000146;FUNDACAO DE APOIO A UNIVERSIDADE FEDERAL DE SAO PAULO;115200.0;115200.0;2025-07-23T00:00:00;2025-07-23T12:19:13;2025-07-23T00:00:00;2025-11-20T00:00:00;0;True;120;0;True;True;True;;False;False;False
60453032000174-2-000161/2025;00105;2025;60453032000174;UNIVERSIDADE FEDERAL DE SAO PAULO;MEC-UNIVERSIDADE FEDERAL DE SAO PAULO/SP;Locação Imóveis;Contrato (termo inicial);False;PF;PF_001;Fornecedor pessoa física PF_001;202582.08;202582.08;2025-07-30T00:00:00;2025-07-30T11:35:50;2025-09-01T00:00:00;2028-08-31T00:00:00;0;True;1095;0;True;True;True;;False;False;False
60453032000174-2-000162/2025;00101;2025;60453032000174;UNIVERSIDADE FEDERAL DE SAO PAULO;MEC-UNIVERSIDADE FEDERAL DE SAO PAULO/SP;Serviços;Contrato (termo inicial);False;PJ;07437996000146;FUNDACAO DE APOIO A UNIVERSIDADE FEDERAL DE SAO PAULO;32127.75;32127.75;2025-07-25T00:00:00;2025-07-30T12:14:47;2025-07-25T00:00:00;2026-07-25T00:00:00;1;True;365;5;True;True;True;;False;False;False
60453032000174-2-000163/2025;00102;2025;60453032000174;UNIVERSIDADE FEDERAL DE SAO PAULO;MEC-UNIVERSIDADE FEDERAL DE SAO PAULO/SP;Serviços;Contrato (termo inicial);False;PJ;43295239000149;GRAND TECH ELEVADORES LTDA;599400.0;599400.0;2025-07-30T00:00:00;2025-08-01T11:33:01;2025-08-01T00:00:00;2028-08-01T00:00:00;0;True;1096;2;True;True;True;;False;False;False
60453032000174-2-000164/2025;00106;2025;60453032000174;UNIVERSIDADE FEDERAL DE SAO PAULO;MEC-UNIVERSIDADE FEDERAL DE SAO PAULO/SP;Serviços;Contrato (termo inicial);False;PJ;04328924000172;ATITUDE SABER E SOLUCOES EM SERVICOS LTDA;10977.12;10977.12;2025-08-05T00:00:00;2025-08-05T17:06:48;2025-08-05T00:00:00;2026-08-05T00:00:00;0;True;365;0;True;True;True;;False;False;False
60453032000174-2-000166/2025;00103;2025;60453032000174;UNIVERSIDADE FEDERAL DE SAO PAULO;MEC-UNIVERSIDADE FEDERAL DE SAO PAULO/SP;Compras;Contrato (termo inicial);False;PJ;54611678000130;WEM EQUIPAMENTOS ELETRONICOS LTDA;49960.0;49960.0;2025-08-05T00:00:00;2025-08-08T14:19:29;2025-08-05T00:00:00;2026-08-05T00:00:00;0;True;365;3;True;True;True;;False;False;False
60453032000174-2-000167/2025;00107;2025;60453032000174;UNIVERSIDADE FEDERAL DE SAO PAULO;MEC-UNIVERSIDADE FEDERAL DE SAO PAULO/SP;Serviços;Contrato (termo inicial);False;PJ;03143862000161;EMPREITEC CONSTRUCOES E MANUTENCOES LTDA;34844.8;34844.8;2025-08-08T00:00:00;2025-08-11T15:03:08;2025-08-08T00:00:00;2026-08-07T00:00:00;1;True;364;3;True;True;True;;False;False;False
60453032000174-2-000171/2025;00109;2025;60453032000174;UNIVERSIDADE FEDERAL DE SAO PAULO;MEC-UNIVERSIDADE FEDERAL DE SAO PAULO/SP;Serviços;Contrato (termo inicial);False;PJ;07437996000146;FUNDACAO DE APOIO A UNIVERSIDADE FEDERAL DE SAO PAULO;74096.2;74096.2;2025-08-12T00:00:00;2025-08-12T16:24:36;2025-08-12T00:00:00;2026-12-31T00:00:00;0;True;506;0;True;True;True;;False;False;False
60453032000174-2-000172/2025;00110;2025;60453032000174;UNIVERSIDADE FEDERAL DE SAO PAULO;MEC-UNIVERSIDADE FEDERAL DE SAO PAULO/SP;Serviços;Contrato (termo inicial);False;PJ;07437996000146;FUNDACAO DE APOIO A UNIVERSIDADE FEDERAL DE SAO PAULO;1679800.86;1679800.86;2025-08-15T00:00:00;2025-08-13T11:09:07;2025-08-15T00:00:00;2027-06-30T00:00:00;2;True;684;-2;True;True;False;intervalo assinatura-publicação ausente ou negativo;True;False;False
60453032000174-2-000185/2025;00095;2025;60453032000174;UNIVERSIDADE FEDERAL DE SAO PAULO;MEC-UNIVERSIDADE FEDERAL DE SAO PAULO/SP;Serviços;Contrato (termo inicial);False;PJ;51962678000196;FUNDACAO PARA O VESTIBULAR DA UNIVERSIDADE ESTADUAL PAULISTA JULIO DE MESQUITA F;524780.0;524780.0;2025-08-15T00:00:00;2025-08-21T13:40:39;2025-08-15T00:00:00;2026-08-15T00:00:00;0;True;365;6;True;True;True;;False;False;False
60453032000174-2-000186/2025;00117;2025;60453032000174;UNIVERSIDADE FEDERAL DE SAO PAULO;MEC-UNIVERSIDADE FEDERAL DE SAO PAULO/SP;Serviços;Contrato (termo inicial);False;PJ;07437996000146;FUNDACAO DE APOIO A UNIVERSIDADE FEDERAL DE SAO PAULO;3773324.73;3773324.73;2025-08-21T00:00:00;2025-08-21T14:59:40;2025-08-21T00:00:00;2026-08-21T00:00:00;0;True;365;0;True;True;True;;True;False;False
60453032000174-2-000187/2025;00113;2025;60453032000174;UNIVERSIDADE FEDERAL DE SAO PAULO;MEC-UNIVERSIDADE FEDERAL DE SAO PAULO/SP;Serviços;Contrato (termo inicial);False;PJ;07031475000194;ALCANCAR ASSESSORIA LTDA;395849.0;395849.0;2025-08-19T00:00:00;2025-08-21T15:30:51;2025-08-19T00:00:00;2027-08-18T00:00:00;1;True;729;2;True;True;True;;False;False;False
60453032000174-2-000192/2025;00115;2025;60453032000174;UNIVERSIDADE FEDERAL DE SAO PAULO;MEC-UNIVERSIDADE FEDERAL DE SAO PAULO/SP;Serviços;Contrato (termo inicial);False;PJ;07437996000146;FUNDACAO DE APOIO A UNIVERSIDADE FEDERAL DE SAO PAULO;80000.0;80000.0;2025-08-22T00:00:00;2025-08-25T09:08:28;2025-08-22T00:00:00;2026-01-07T00:00:00;0;True;138;3;True;True;True;;False;False;False
60453032000174-2-000193/2025;00112;2025;60453032000174;UNIVERSIDADE FEDERAL DE SAO PAULO;MEC-UNIVERSIDADE FEDERAL DE SAO PAULO/SP;Serviços;Contrato (termo inicial);False;PJ;07437996000146;FUNDACAO DE APOIO A UNIVERSIDADE FEDERAL DE SAO PAULO;203880.0;203880.0;2025-08-22T00:00:00;2025-08-25T09:15:04;2025-09-01T00:00:00;2026-10-01T00:00:00;0;True;395;3;True;True;True;;False;False;False
60453032000174-2-000200/2025;00119;2025;60453032000174;UNIVERSIDADE FEDERAL DE SAO PAULO;MEC-UNIVERSIDADE FEDERAL DE SAO PAULO/SP;Serviços;Contrato (termo inicial);False;PJ;07437996000146;FUNDACAO DE APOIO A UNIVERSIDADE FEDERAL DE SAO PAULO;66800.0;66800.0;2025-08-29T00:00:00;2025-08-29T13:47:30;2025-08-29T00:00:00;2025-12-18T00:00:00;0;True;111;0;True;True;True;;False;False;False
60453032000174-2-000201/2025;00114;2025;60453032000174;UNIVERSIDADE FEDERAL DE SAO PAULO;MEC-UNIVERSIDADE FEDERAL DE SAO PAULO/SP;Serviços;Contrato (termo inicial);False;PJ;41667565000104;EXODO SOLUCOES AMBIENTAIS E BENEFICIAMENTO DE RESIDUOS LTDA;6103.2;6103.2;2025-08-28T00:00:00;2025-08-29T14:22:50;2025-08-28T00:00:00;2028-08-28T00:00:00;0;True;1096;1;True;True;True;;False;False;False
60453032000174-2-000203/2025;00121;2025;60453032000174;UNIVERSIDADE FEDERAL DE SAO PAULO;MEC-UNIVERSIDADE FEDERAL DE SAO PAULO/SP;Serviços;Contrato (termo inicial);False;PJ;04436855000110;PRATA CONSULTORIA E LOCACOES LTDA;402493.76;402493.76;2025-09-01T00:00:00;2025-09-01T16:54:52;2025-09-01T00:00:00;2026-12-31T00:00:00;1;True;486;0;True;True;True;;False;False;False
60453032000174-2-000204/2025;00122;2025;60453032000174;UNIVERSIDADE FEDERAL DE SAO PAULO;MEC-UNIVERSIDADE FEDERAL DE SAO PAULO/SP;Serviços;Contrato (termo inicial);False;PJ;46313073000134;MATTOLI ENGENHARIA E SERVICOS LTDA;259693.0;259693.0;2025-08-29T00:00:00;2025-09-01T17:53:55;2025-09-01T00:00:00;2026-03-01T00:00:00;2;True;181;3;True;True;True;;False;False;False
60453032000174-2-000205/2025;00099;2025;60453032000174;UNIVERSIDADE FEDERAL DE SAO PAULO;MEC-UNIVERSIDADE FEDERAL DE SAO PAULO/SP;Obras;Contrato (termo inicial);False;PJ;04147114000110;INCORPLAN ENGENHARIA LTDA;18772019.0;18772019.0;2025-08-29T00:00:00;2025-09-02T14:42:47;2025-08-29T00:00:00;2028-08-29T00:00:00;0;True;1096;4;True;True;True;;True;False;False
60453032000174-2-000208/2025;00108;2025;60453032000174;UNIVERSIDADE FEDERAL DE SAO PAULO;MEC-UNIVERSIDADE FEDERAL DE SAO PAULO/SP;Serviços;Contrato (termo inicial);False;PJ;07031475000194;ALCANCAR ASSESSORIA LTDA;43332.12;43332.12;2025-09-03T00:00:00;2025-09-03T13:45:42;2025-09-05T00:00:00;2026-09-04T00:00:00;1;True;364;0;True;True;True;;False;False;False
60453032000174-2-000209/2025;00120;2025;60453032000174;UNIVERSIDADE FEDERAL DE SAO PAULO;MEC-UNIVERSIDADE FEDERAL DE SAO PAULO/SP;Serviços;Contrato (termo inicial);False;PJ;07031475000194;ALCANCAR ASSESSORIA LTDA;50879.88;50879.88;2025-09-03T00:00:00;2025-09-03T14:12:53;2025-09-05T00:00:00;2026-09-05T00:00:00;0;True;365;0;True;True;True;;False;False;False
60453032000174-2-000214/2025;00124;2025;60453032000174;UNIVERSIDADE FEDERAL DE SAO PAULO;MEC-UNIVERSIDADE FEDERAL DE SAO PAULO/SP;Serviços;Contrato (termo inicial);False;PJ;07031475000194;ALCANCAR ASSESSORIA LTDA;52772.16;52772.16;2025-09-04T00:00:00;2025-09-04T15:34:30;2025-09-08T00:00:00;2026-09-07T00:00:00;0;True;364;0;True;True;True;;False;False;False
60453032000174-2-000215/2025;00128;2025;60453032000174;UNIVERSIDADE FEDERAL DE SAO PAULO;MEC-UNIVERSIDADE FEDERAL DE SAO PAULO/SP;Serviços;Contrato (termo inicial);False;PJ;01867983000120;DIRETA SERVICOS LTDA;795950.0;795950.0;2025-09-05T00:00:00;2025-09-05T12:27:50;2025-09-08T00:00:00;2027-09-07T00:00:00;3;True;729;0;True;True;True;;False;False;False
60453032000174-2-000225/2025;00116;2025;60453032000174;UNIVERSIDADE FEDERAL DE SAO PAULO;MEC-UNIVERSIDADE FEDERAL DE SAO PAULO/SP;Serviços;Contrato (termo inicial);False;PJ;07437996000146;FUNDACAO DE APOIO A UNIVERSIDADE FEDERAL DE SAO PAULO;200000.0;200000.0;2025-08-22T00:00:00;2025-09-08T12:23:25;2025-08-22T00:00:00;2026-04-30T00:00:00;0;True;251;17;True;True;True;;False;False;True
60453032000174-2-000228/2025;00126;2025;60453032000174;UNIVERSIDADE FEDERAL DE SAO PAULO;MEC-UNIVERSIDADE FEDERAL DE SAO PAULO/SP;Serviços;Contrato (termo inicial);False;PJ;26061667000198;UNIAO FORTE CONTRA INCENDIO LTDA;64864.0;64864.0;2025-09-05T00:00:00;2025-09-09T09:10:06;2025-09-05T00:00:00;2026-09-05T00:00:00;0;True;365;4;True;True;True;;False;False;False
60453032000174-2-000232/2025;00111;2025;60453032000174;UNIVERSIDADE FEDERAL DE SAO PAULO;MEC-UNIVERSIDADE FEDERAL DE SAO PAULO/SP;Serviços;Contrato (termo inicial);False;PJ;07031475000194;ALCANCAR ASSESSORIA LTDA;1254787.32;1254787.32;2025-09-03T00:00:00;2025-09-15T09:14:44;2025-09-05T00:00:00;2026-09-05T00:00:00;0;True;365;12;True;True;True;;True;False;True
60453032000174-2-000234/2025;00118;2025;60453032000174;UNIVERSIDADE FEDERAL DE SAO PAULO;MEC-UNIVERSIDADE FEDERAL DE SAO PAULO/SP;Obras;Contrato (termo inicial);False;PJ;04147114000110;INCORPLAN ENGENHARIA LTDA;42501415.4;42501415.4;2025-09-03T00:00:00;2025-09-16T12:59:55;2025-09-15T00:00:00;2027-09-15T00:00:00;1;True;730;13;True;True;True;;True;False;True
60453032000174-2-000235/2025;00127;2025;60453032000174;UNIVERSIDADE FEDERAL DE SAO PAULO;MEC-UNIVERSIDADE FEDERAL DE SAO PAULO/SP;Serviços;Contrato (termo inicial);False;PJ;08018281000111;DATATERRA ENGENHARIA PROJETOS E CONSULTORIA LTDA;11340.0;11340.0;2025-09-18T00:00:00;2025-09-18T11:01:27;2025-09-18T00:00:00;2026-09-18T00:00:00;0;True;365;0;True;True;True;;False;False;False
60453032000174-2-000246/2025;00131;2025;60453032000174;UNIVERSIDADE FEDERAL DE SAO PAULO;MEC-UNIVERSIDADE FEDERAL DE SAO PAULO/SP;Serviços;Contrato (termo inicial);False;PJ;33065699000127;SEGUROS SURA S.A.;2744.83;2744.83;2025-09-19T00:00:00;2025-09-22T16:13:54;2025-09-22T00:00:00;2026-09-22T00:00:00;0;True;365;3;True;True;True;;False;False;False
60453032000174-2-000249/2025;00130;2025;60453032000174;UNIVERSIDADE FEDERAL DE SAO PAULO;MEC-UNIVERSIDADE FEDERAL DE SAO PAULO/SP;Serviços;Contrato (termo inicial);False;PJ;07437996000146;FUNDACAO DE APOIO A UNIVERSIDADE FEDERAL DE SAO PAULO;177000.0;177000.0;2025-09-23T00:00:00;2025-09-23T17:02:45;2025-09-23T00:00:00;2026-04-22T00:00:00;0;True;211;0;True;True;True;;False;False;False
60453032000174-2-000253/2025;00132;2025;60453032000174;UNIVERSIDADE FEDERAL DE SAO PAULO;MEC-UNIVERSIDADE FEDERAL DE SAO PAULO/SP;Serviços;Contrato (termo inicial);False;PJ;07437996000146;FUNDACAO DE APOIO A UNIVERSIDADE FEDERAL DE SAO PAULO;12112070.8;12112070.8;2025-09-26T00:00:00;2025-09-26T14:50:40;2025-09-26T00:00:00;2026-12-31T00:00:00;0;True;461;0;True;True;True;;True;False;False
60453032000174-2-000274/2025;00134;2025;60453032000174;UNIVERSIDADE FEDERAL DE SAO PAULO;MEC-UNIVERSIDADE FEDERAL DE SAO PAULO/SP;Serviços;Contrato (termo inicial);False;PJ;07437996000146;FUNDACAO DE APOIO A UNIVERSIDADE FEDERAL DE SAO PAULO;364800.0;364800.0;2025-10-01T00:00:00;2025-10-02T16:07:20;2025-10-01T00:00:00;2026-03-06T00:00:00;0;True;156;1;True;True;True;;False;False;False
60453032000174-2-000280/2025;00136;2025;60453032000174;UNIVERSIDADE FEDERAL DE SAO PAULO;MEC-UNIVERSIDADE FEDERAL DE SAO PAULO/SP;Serviços;Contrato (termo inicial);False;PJ;07724269000160;EMPREITEIRA GROTTO LTDA;123520.0;123520.0;2025-10-13T00:00:00;2025-10-07T10:18:13;2025-10-13T00:00:00;2025-11-12T00:00:00;1;True;30;-6;True;True;False;intervalo assinatura-publicação ausente ou negativo;False;False;False
60453032000174-2-000284/2025;00135;2025;60453032000174;UNIVERSIDADE FEDERAL DE SAO PAULO;MEC-UNIVERSIDADE FEDERAL DE SAO PAULO/SP;Serviços;Contrato (termo inicial);False;PJ;07437996000146;FUNDACAO DE APOIO A UNIVERSIDADE FEDERAL DE SAO PAULO;130920.0;130920.0;2025-10-06T00:00:00;2025-10-07T18:28:18;2025-10-06T00:00:00;2027-12-06T00:00:00;0;True;791;1;True;True;True;;False;False;False
60453032000174-2-000287/2025;00133;2025;60453032000174;UNIVERSIDADE FEDERAL DE SAO PAULO;MEC-UNIVERSIDADE FEDERAL DE SAO PAULO/SP;Serviços;Contrato (termo inicial);False;PJ;35147368000161;MINERVA ENGENHARIA LTDA;42797.61;42797.61;2025-10-10T00:00:00;2025-10-10T16:31:49;2025-10-15T00:00:00;2026-10-14T00:00:00;0;True;364;0;True;True;True;;False;False;False
60453032000174-2-000297/2025;00140;2025;60453032000174;UNIVERSIDADE FEDERAL DE SAO PAULO;MEC-UNIVERSIDADE FEDERAL DE SAO PAULO/SP;Serviços;Contrato (termo inicial);False;PJ;07437996000146;FUNDACAO DE APOIO A UNIVERSIDADE FEDERAL DE SAO PAULO;1476800.0;1476800.0;2025-10-13T00:00:00;2025-10-14T08:28:00;2025-10-13T00:00:00;2028-01-17T00:00:00;0;True;826;1;True;True;True;;True;False;False
60453032000174-2-000305/2025;00123;2025;60453032000174;UNIVERSIDADE FEDERAL DE SAO PAULO;MEC-UNIVERSIDADE FEDERAL DE SAO PAULO/SP;Serviços;Contrato (termo inicial);False;PJ;01404158000190;PEARSON EDUCATION DO BRASIL LTDA;93192.84;93192.84;2025-10-15T00:00:00;2025-10-16T09:30:49;2025-10-16T00:00:00;2026-10-15T00:00:00;0;True;364;1;True;True;True;;False;False;False
60453032000174-2-000309/2025;00142;2025;60453032000174;UNIVERSIDADE FEDERAL DE SAO PAULO;MEC-UNIVERSIDADE FEDERAL DE SAO PAULO/SP;Serviços;Contrato (termo inicial);False;PJ;35414241000161;DESINTEC CONTROLE AMBIENTAL LTDA;5396.0;5396.0;2025-10-16T00:00:00;2025-10-16T16:23:31;2025-10-20T00:00:00;2026-10-19T00:00:00;0;True;364;0;True;True;True;;False;False;False
60453032000174-2-000311/2025;00144;2025;60453032000174;UNIVERSIDADE FEDERAL DE SAO PAULO;MEC-UNIVERSIDADE FEDERAL DE SAO PAULO/SP;Serviços de Engenharia;Contrato (termo inicial);False;PJ;31856708000172;ANDRE A RODRIGUES ENGENHARIA;8980.5;8980.5;2025-10-17T00:00:00;2025-10-17T11:01:47;2025-10-17T00:00:00;2026-10-17T00:00:00;0;True;365;0;True;True;True;;False;False;False
60453032000174-2-000325/2025;00141;2025;60453032000174;UNIVERSIDADE FEDERAL DE SAO PAULO;MEC-UNIVERSIDADE FEDERAL DE SAO PAULO/SP;Serviços de Engenharia;Contrato (termo inicial);False;PJ;19316591000139;MEGAVOLT ENERGIA MANUTENCOES, SERVICOS, INSTALACOES DE GRUPOS GERADORES LTDA;52019.52;52019.52;2025-10-24T00:00:00;2025-10-24T14:50:31;2025-10-24T00:00:00;2027-10-24T00:00:00;3;True;730;0;True;True;True;;False;False;False
60453032000174-2-000326/2025;00146;2025;60453032000174;UNIVERSIDADE FEDERAL DE SAO PAULO;MEC-UNIVERSIDADE FEDERAL DE SAO PAULO/SP;Serviços;Contrato (termo inicial);False;PJ;07437996000146;FUNDACAO DE APOIO A UNIVERSIDADE FEDERAL DE SAO PAULO;20338.38;20338.38;2025-10-22T00:00:00;2025-10-24T16:59:04;2025-10-27T00:00:00;2026-02-28T00:00:00;0;True;124;2;True;True;True;;False;False;False
60453032000174-2-000327/2025;00147;2025;60453032000174;UNIVERSIDADE FEDERAL DE SAO PAULO;MEC-UNIVERSIDADE FEDERAL DE SAO PAULO/SP;Serviços;Contrato (termo inicial);False;PJ;07437996000146;FUNDACAO DE APOIO A UNIVERSIDADE FEDERAL DE SAO PAULO;233653.39;233653.39;2025-10-24T00:00:00;2025-10-24T18:29:09;2025-10-24T00:00:00;2026-08-31T00:00:00;0;True;311;0;True;True;True;;False;False;False
60453032000174-2-000332/2025;00143;2025;60453032000174;UNIVERSIDADE FEDERAL DE SAO PAULO;MEC-UNIVERSIDADE FEDERAL DE SAO PAULO/SP;Serviços;Contrato (termo inicial);False;PJ;05070948000137;ACJS - SANEAMENTO E CONTROLE AMBIENTAL LTDA;53500.0;53500.0;2025-10-23T00:00:00;2025-10-28T13:14:45;2025-10-23T00:00:00;2026-10-23T00:00:00;0;True;365;5;True;True;True;;False;False;False
60453032000174-2-000341/2025;00149;2025;60453032000174;UNIVERSIDADE FEDERAL DE SAO PAULO;MEC-UNIVERSIDADE FEDERAL DE SAO PAULO/SP;Serviços;Contrato (termo inicial);False;PJ;23484444000145;3F LTDA;3996.0;3996.0;2025-10-30T00:00:00;2025-10-31T17:17:47;2025-11-03T00:00:00;2027-11-02T00:00:00;0;True;729;1;True;True;True;;False;False;False
60453032000174-2-000342/2025;00153;2025;60453032000174;UNIVERSIDADE FEDERAL DE SAO PAULO;MEC-UNIVERSIDADE FEDERAL DE SAO PAULO/SP;Serviços;Contrato (termo inicial);False;PJ;51962678000196;FUNDACAO PARA O VESTIBULAR DA UNIVERSIDADE ESTADUAL PAULISTA JULIO DE MESQUITA F;2311350.0;2311350.0;2025-10-31T00:00:00;2025-11-03T10:01:37;2025-10-31T00:00:00;2026-10-30T00:00:00;0;True;364;3;True;True;True;;True;False;False
60453032000174-2-000344/2025;00156;2025;60453032000174;UNIVERSIDADE FEDERAL DE SAO PAULO;MEC-UNIVERSIDADE FEDERAL DE SAO PAULO/SP;Serviços;Contrato (termo inicial);False;PJ;07437996000146;FUNDACAO DE APOIO A UNIVERSIDADE FEDERAL DE SAO PAULO;500000.0;500000.0;2025-11-04T00:00:00;2025-11-04T16:53:31;2025-11-04T00:00:00;2027-01-04T00:00:00;0;True;426;0;True;True;True;;False;False;False
60453032000174-2-000351/2025;00157;2025;60453032000174;UNIVERSIDADE FEDERAL DE SAO PAULO;MEC-UNIVERSIDADE FEDERAL DE SAO PAULO/SP;Serviços;Contrato (termo inicial);False;PJ;07437996000146;FUNDACAO DE APOIO A UNIVERSIDADE FEDERAL DE SAO PAULO;250000.0;250000.0;2025-11-06T00:00:00;2025-11-07T17:07:14;2025-11-06T00:00:00;2026-11-06T00:00:00;0;True;365;1;True;True;True;;False;False;False
60453032000174-2-000352/2025;00160;2025;60453032000174;UNIVERSIDADE FEDERAL DE SAO PAULO;MEC-UNIVERSIDADE FEDERAL DE SAO PAULO/SP;Serviços;Contrato (termo inicial);False;PJ;05209385000115;ELEVADORES SAO PAULO LTDA;55010.14;55010.14;2025-11-07T00:00:00;2025-11-10T11:02:48;2025-11-08T00:00:00;2026-05-07T00:00:00;1;True;180;3;True;True;True;;False;False;False
60453032000174-2-000357/2025;00158;2025;60453032000174;UNIVERSIDADE FEDERAL DE SAO PAULO;MEC-UNIVERSIDADE FEDERAL DE SAO PAULO/SP;Serviços;Contrato (termo inicial);False;PJ;07437996000146;FUNDACAO DE APOIO A UNIVERSIDADE FEDERAL DE SAO PAULO;35800.0;35800.0;2025-11-10T00:00:00;2025-11-10T15:56:23;2025-11-10T00:00:00;2026-07-31T00:00:00;0;True;263;0;True;True;True;;False;False;False
60453032000174-2-000360/2025;00151;2025;60453032000174;UNIVERSIDADE FEDERAL DE SAO PAULO;MEC-UNIVERSIDADE FEDERAL DE SAO PAULO/SP;Serviços;Contrato (termo inicial);False;PJ;07437996000146;FUNDACAO DE APOIO A UNIVERSIDADE FEDERAL DE SAO PAULO;315740.0;315740.0;2025-11-21T00:00:00;2025-11-13T10:01:17;2025-11-21T00:00:00;2028-02-21T00:00:00;1;True;822;-8;True;True;False;intervalo assinatura-publicação ausente ou negativo;False;False;False
60453032000174-2-000362/2025;00161;2025;60453032000174;UNIVERSIDADE FEDERAL DE SAO PAULO;MEC-UNIVERSIDADE FEDERAL DE SAO PAULO/SP;Serviços de Engenharia;Contrato (termo inicial);False;PJ;13609718000121;JD CONSTRUCOES E SERVICOS LTDA;248505.3;248505.3;2025-11-17T00:00:00;2025-11-18T12:07:56;2025-11-17T00:00:00;2026-11-17T00:00:00;0;True;365;1;True;True;True;;False;False;False
60453032000174-2-000373/2025;00162;2025;60453032000174;UNIVERSIDADE FEDERAL DE SAO PAULO;MEC-UNIVERSIDADE FEDERAL DE SAO PAULO/SP;Serviços;Contrato (termo inicial);False;PJ;07437996000146;FUNDACAO DE APOIO A UNIVERSIDADE FEDERAL DE SAO PAULO;311960.0;311960.0;2025-11-19T00:00:00;2025-11-21T16:19:27;2025-11-19T00:00:00;2027-09-30T00:00:00;0;True;680;2;True;True;True;;False;False;False
60453032000174-2-000374/2025;00163;2025;60453032000174;UNIVERSIDADE FEDERAL DE SAO PAULO;MEC-UNIVERSIDADE FEDERAL DE SAO PAULO/SP;Serviços;Contrato (termo inicial);False;PJ;07437996000146;FUNDACAO DE APOIO A UNIVERSIDADE FEDERAL DE SAO PAULO;349600.0;349600.0;2025-11-19T00:00:00;2025-11-21T16:24:40;2025-11-19T00:00:00;2026-05-20T00:00:00;0;True;182;2;True;True;True;;False;False;False
60453032000174-2-000375/2025;00165;2025;60453032000174;UNIVERSIDADE FEDERAL DE SAO PAULO;MEC-UNIVERSIDADE FEDERAL DE SAO PAULO/SP;Compras;Contrato (termo inicial);False;PJ;00398022000232;PRO ANALISE QUIMICA E DIAGNOSTICA LTDA;3102.71;3102.71;2025-11-21T00:00:00;2025-11-24T09:33:29;2025-11-21T00:00:00;2026-04-20T00:00:00;0;True;150;3;True;True;True;;False;False;False
60453032000174-2-000376/2025;00164;2025;60453032000174;UNIVERSIDADE FEDERAL DE SAO PAULO;MEC-UNIVERSIDADE FEDERAL DE SAO PAULO/SP;Serviços;Contrato (termo inicial);False;PJ;07437996000146;FUNDACAO DE APOIO A UNIVERSIDADE FEDERAL DE SAO PAULO;939200.0;939200.0;2025-11-19T00:00:00;2025-11-24T10:24:49;2025-11-19T00:00:00;2027-04-06T00:00:00;0;True;503;5;True;True;True;;False;False;False
60453032000174-2-000377/2025;00159;2025;60453032000174;UNIVERSIDADE FEDERAL DE SAO PAULO;MEC-UNIVERSIDADE FEDERAL DE SAO PAULO/SP;Serviços;Contrato (termo inicial);False;PJ;07031475000194;ALCANCAR ASSESSORIA LTDA;26903.43;26903.43;2025-11-21T00:00:00;2025-11-24T11:22:13;2025-11-21T00:00:00;2026-11-21T00:00:00;1;True;365;3;True;True;True;;False;False;False
60453032000174-2-000378/2025;00168;2025;60453032000174;UNIVERSIDADE FEDERAL DE SAO PAULO;MEC-UNIVERSIDADE FEDERAL DE SAO PAULO/SP;Serviços;Contrato (termo inicial);False;PJ;07437996000146;FUNDACAO DE APOIO A UNIVERSIDADE FEDERAL DE SAO PAULO;116900.0;116900.0;2025-11-24T00:00:00;2025-11-24T17:05:25;2025-11-24T00:00:00;2027-04-26T00:00:00;0;True;518;0;True;True;True;;False;False;False
60453032000174-2-000380/2025;00145;2025;60453032000174;UNIVERSIDADE FEDERAL DE SAO PAULO;MEC-UNIVERSIDADE FEDERAL DE SAO PAULO/SP;Serviços;Contrato (termo inicial);False;PJ;07437996000146;FUNDACAO DE APOIO A UNIVERSIDADE FEDERAL DE SAO PAULO;150000.0;150000.0;2025-10-23T00:00:00;2025-11-25T14:02:22;2025-11-03T00:00:00;2026-11-02T00:00:00;0;True;364;33;True;True;True;;False;False;True
60453032000174-2-000391/2025;00137;2025;60453032000174;UNIVERSIDADE FEDERAL DE SAO PAULO;MEC-UNIVERSIDADE FEDERAL DE SAO PAULO/SP;Serviços;Contrato (termo inicial);False;PJ;23034526000198;CTE - SERVICOS E TRANSPORTES LTDA;77185.58;77185.58;2025-11-26T00:00:00;2025-11-27T12:12:30;2025-11-26T00:00:00;2026-11-26T00:00:00;1;True;365;1;True;True;True;;False;False;False
60453032000174-2-000393/2025;00170;2025;60453032000174;UNIVERSIDADE FEDERAL DE SAO PAULO;MEC-UNIVERSIDADE FEDERAL DE SAO PAULO/SP;Serviços;Contrato (termo inicial);False;PJ;07437996000146;FUNDACAO DE APOIO A UNIVERSIDADE FEDERAL DE SAO PAULO;950000.0;950000.0;2025-11-26T00:00:00;2025-11-27T15:32:31;2025-11-26T00:00:00;2026-10-16T00:00:00;0;True;324;1;True;True;True;;False;False;False
60453032000174-2-000400/2025;00166;2025;60453032000174;UNIVERSIDADE FEDERAL DE SAO PAULO;MEC-UNIVERSIDADE FEDERAL DE SAO PAULO/SP;Serviços;Contrato (termo inicial);False;PJ;26473382000164;CICLO 3 ENGENHARIA E GERENCIAMENTO DE RESIDUOS LTDA;0.4;0.4;2025-11-26T00:00:00;2025-12-01T19:41:14;2025-11-26T00:00:00;2026-11-26T00:00:00;1;True;365;5;True;True;True;;False;False;False
60453032000174-2-000401/2025;00209;2025;60453032000174;UNIVERSIDADE FEDERAL DE SAO PAULO;MEC-UNIVERSIDADE FEDERAL DE SAO PAULO/SP;Serviços;Contrato (termo inicial);False;PJ;10596241000107;PANTANAL LOCADORA DE AUTOMOVEIS LTDA;1013581.95;1013581.95;2025-11-28T00:00:00;2025-12-02T08:39:41;2025-11-28T00:00:00;2028-11-28T00:00:00;1;True;1096;4;True;True;True;;False;False;False
60453032000174-2-000403/2025;00193;2025;60453032000174;UNIVERSIDADE FEDERAL DE SAO PAULO;MEC-UNIVERSIDADE FEDERAL DE SAO PAULO/SP;Obras;Contrato (termo inicial);False;PJ;67767566000114;CONSTRUTORA OBRAVALE LTDA;1818000.0;1818000.0;2025-11-27T00:00:00;2025-12-02T14:45:04;2025-12-10T00:00:00;2027-12-10T00:00:00;3;True;730;5;True;True;True;;True;False;False
60453032000174-2-000413/2025;00167;2025;60453032000174;UNIVERSIDADE FEDERAL DE SAO PAULO;MEC-UNIVERSIDADE FEDERAL DE SAO PAULO/SP;Compras;Contrato (termo inicial);False;PJ;02543216001109;PERFIL COMPUTACIONAL LTDA;78400.0;78400.0;2025-12-02T00:00:00;2025-12-03T17:26:52;2025-12-02T00:00:00;2026-12-02T00:00:00;0;True;365;1;True;True;True;;False;False;False
60453032000174-2-000422/2025;00171;2025;60453032000174;UNIVERSIDADE FEDERAL DE SAO PAULO;MEC-UNIVERSIDADE FEDERAL DE SAO PAULO/SP;Serviços;Contrato (termo inicial);False;PJ;07437996000146;FUNDACAO DE APOIO A UNIVERSIDADE FEDERAL DE SAO PAULO;8814208.44;8814208.44;2025-12-01T00:00:00;2025-12-05T16:42:53;2025-12-01T00:00:00;2030-11-30T00:00:00;3;True;1825;4;True;True;True;;True;True;False
60453032000174-2-000436/2025;00180;2025;60453032000174;UNIVERSIDADE FEDERAL DE SAO PAULO;MEC-UNIVERSIDADE FEDERAL DE SAO PAULO/SP;Serviços;Contrato (termo inicial);False;PJ;07437996000146;FUNDACAO DE APOIO A UNIVERSIDADE FEDERAL DE SAO PAULO;726000.0;726000.0;2025-12-05T00:00:00;2025-12-08T09:41:31;2025-12-05T00:00:00;2027-08-29T00:00:00;0;True;632;3;True;True;True;;False;False;False
60453032000174-2-000437/2025;00172;2025;60453032000174;UNIVERSIDADE FEDERAL DE SAO PAULO;MEC-UNIVERSIDADE FEDERAL DE SAO PAULO/SP;Compras;Contrato (termo inicial);False;PJ;36289988000106;COMPMINAS COMERCIO DE INFORMATICA LTDA;9652.5;9652.5;2025-12-05T00:00:00;2025-12-08T09:51:05;2025-12-05T00:00:00;2026-12-05T00:00:00;0;True;365;3;True;True;True;;False;False;False
60453032000174-2-000438/2025;00178;2025;60453032000174;UNIVERSIDADE FEDERAL DE SAO PAULO;MEC-UNIVERSIDADE FEDERAL DE SAO PAULO/SP;Serviços;Contrato (termo inicial);False;PJ;07437996000146;FUNDACAO DE APOIO A UNIVERSIDADE FEDERAL DE SAO PAULO;140000.0;140000.0;2025-12-05T00:00:00;2025-12-08T09:56:00;2025-12-05T00:00:00;2026-06-10T00:00:00;0;True;187;3;True;True;True;;False;False;False
60453032000174-2-000442/2025;00175;2025;60453032000174;UNIVERSIDADE FEDERAL DE SAO PAULO;MEC-UNIVERSIDADE FEDERAL DE SAO PAULO/SP;Compras;Contrato (termo inicial);False;PJ;39934009000105;KIAI COMERCIAL - SOCIEDADE UNIPESSOAL LTDA;7920.0;7920.0;2025-12-08T00:00:00;2025-12-09T08:40:57;2025-12-08T00:00:00;2026-12-08T00:00:00;0;True;365;1;True;True;True;;False;False;False
60453032000174-2-000443/2025;00174;2025;60453032000174;UNIVERSIDADE FEDERAL DE SAO PAULO;MEC-UNIVERSIDADE FEDERAL DE SAO PAULO/SP;Compras;Contrato (termo inicial);False;PJ;28732430000117;CLAUDINEI TONIETTI;4051.4;4051.4;2025-12-08T00:00:00;2025-12-09T08:44:58;2025-12-08T00:00:00;2026-12-08T00:00:00;0;True;365;1;True;True;True;;False;False;False
60453032000174-2-000444/2025;00173;2025;60453032000174;UNIVERSIDADE FEDERAL DE SAO PAULO;MEC-UNIVERSIDADE FEDERAL DE SAO PAULO/SP;Compras;Contrato (termo inicial);False;PJ;54517369000103;JESSICA ALVES COMERCIAL LTDA;6800.0;6800.0;2025-12-08T00:00:00;2025-12-09T08:54:13;2025-12-08T00:00:00;2026-12-08T00:00:00;0;True;365;1;True;True;True;;False;False;False
60453032000174-2-000448/2025;00176;2025;60453032000174;UNIVERSIDADE FEDERAL DE SAO PAULO;MEC-UNIVERSIDADE FEDERAL DE SAO PAULO/SP;Compras;Contrato (termo inicial);False;PJ;46040353000116;EVA COMERCIAL LTDA;5440.0;5440.0;2025-12-08T00:00:00;2025-12-10T14:56:52;2025-12-08T00:00:00;2027-12-08T00:00:00;0;True;730;2;True;True;True;;False;False;False
60453032000174-2-000450/2025;00182;2025;60453032000174;UNIVERSIDADE FEDERAL DE SAO PAULO;MEC-UNIVERSIDADE FEDERAL DE SAO PAULO/SP;Serviços;Contrato (termo inicial);False;PJ;07437996000146;FUNDACAO DE APOIO A UNIVERSIDADE FEDERAL DE SAO PAULO;1026616.83;1026616.83;2025-12-11T00:00:00;2025-12-11T12:09:17;2025-12-15T00:00:00;2026-12-01T00:00:00;0;True;351;0;True;True;True;;False;False;False
60453032000174-2-000451/2025;00179;2025;60453032000174;UNIVERSIDADE FEDERAL DE SAO PAULO;MEC-UNIVERSIDADE FEDERAL DE SAO PAULO/SP;Serviços;Contrato (termo inicial);False;PJ;07437996000146;FUNDACAO DE APOIO A UNIVERSIDADE FEDERAL DE SAO PAULO;1529511.55;1529511.55;2025-12-11T00:00:00;2025-12-11T14:18:39;2025-12-15T00:00:00;2029-12-14T00:00:00;1;True;1460;0;True;True;True;;True;True;False
60453032000174-2-000458/2025;00185;2025;60453032000174;UNIVERSIDADE FEDERAL DE SAO PAULO;MEC-UNIVERSIDADE FEDERAL DE SAO PAULO/SP;Serviços;Contrato (termo inicial);False;PJ;07437996000146;FUNDACAO DE APOIO A UNIVERSIDADE FEDERAL DE SAO PAULO;108460.0;108460.0;2025-12-15T00:00:00;2025-12-15T15:10:18;2025-12-15T00:00:00;2027-04-05T00:00:00;0;True;476;0;True;True;True;;False;False;False
60453032000174-2-000459/2025;00183;2025;60453032000174;UNIVERSIDADE FEDERAL DE SAO PAULO;MEC-UNIVERSIDADE FEDERAL DE SAO PAULO/SP;Serviços;Contrato (termo inicial);False;PJ;07437996000146;FUNDACAO DE APOIO A UNIVERSIDADE FEDERAL DE SAO PAULO;2449200.0;2449200.0;2025-12-15T00:00:00;2025-12-15T15:16:18;2025-12-15T00:00:00;2027-05-08T00:00:00;1;True;509;0;True;True;True;;True;False;False
60453032000174-2-000460/2025;00155;2025;60453032000174;UNIVERSIDADE FEDERAL DE SAO PAULO;MEC-UNIVERSIDADE FEDERAL DE SAO PAULO/SP;Serviços;Contrato (termo inicial);False;PJ;50195664000121;MANUTESP COMERCIO E SERVICOS LTDA;61713.6;61713.6;2025-11-24T00:00:00;2025-12-15T15:22:36;2025-11-24T00:00:00;2026-05-23T00:00:00;1;True;180;21;True;True;True;;False;False;True
60453032000174-2-000463/2025;00187;2025;60453032000174;UNIVERSIDADE FEDERAL DE SAO PAULO;MEC-UNIVERSIDADE FEDERAL DE SAO PAULO/SP;Serviços de Engenharia;Contrato (termo inicial);False;PJ;46313073000134;MATTOLI ENGENHARIA E SERVICOS LTDA;973435.0;973435.0;2025-12-16T00:00:00;2025-12-16T17:08:00;2025-12-17T00:00:00;2027-12-16T00:00:00;0;True;729;0;True;True;True;;False;False;False
60453032000174-2-000464/2025;00186;2025;60453032000174;UNIVERSIDADE FEDERAL DE SAO PAULO;MEC-UNIVERSIDADE FEDERAL DE SAO PAULO/SP;Serviços;Contrato (termo inicial);False;PJ;07437996000146;FUNDACAO DE APOIO A UNIVERSIDADE FEDERAL DE SAO PAULO;38800.0;38800.0;2025-12-16T00:00:00;2025-12-16T17:35:45;2025-12-16T00:00:00;2026-10-31T00:00:00;0;True;319;0;True;True;True;;False;False;False
60453032000174-2-000466/2025;00195;2025;60453032000174;UNIVERSIDADE FEDERAL DE SAO PAULO;MEC-UNIVERSIDADE FEDERAL DE SAO PAULO/SP;Serviços;Contrato (termo inicial);False;PJ;07437996000146;FUNDACAO DE APOIO A UNIVERSIDADE FEDERAL DE SAO PAULO;867475.0;867475.0;2025-12-19T00:00:00;2025-12-18T09:23:26;2025-12-19T00:00:00;2027-01-01T00:00:00;2;True;378;-1;True;True;False;intervalo assinatura-publicação ausente ou negativo;False;False;False
60453032000174-2-000468/2025;00192;2025;60453032000174;UNIVERSIDADE FEDERAL DE SAO PAULO;MEC-UNIVERSIDADE FEDERAL DE SAO PAULO/SP;Serviços;Contrato (termo inicial);False;PJ;07437996000146;FUNDACAO DE APOIO A UNIVERSIDADE FEDERAL DE SAO PAULO;554220.0;554220.0;2025-12-17T00:00:00;2025-12-19T08:38:41;2025-12-17T00:00:00;2027-02-22T00:00:00;0;True;432;2;True;True;True;;False;False;False
60453032000174-2-000470/2025;00197;2025;60453032000174;UNIVERSIDADE FEDERAL DE SAO PAULO;MEC-UNIVERSIDADE FEDERAL DE SAO PAULO/SP;Serviços;Contrato (termo inicial);False;PJ;37646562000117;JC SOLUCOES EM ENGENHARIA LTDA;66162.77;66162.77;2025-12-19T00:00:00;2025-12-22T08:46:34;2025-12-19T00:00:00;2026-12-13T00:00:00;0;True;359;3;True;True;True;;False;False;False
60453032000174-2-000472/2025;00188;2025;60453032000174;UNIVERSIDADE FEDERAL DE SAO PAULO;MEC-UNIVERSIDADE FEDERAL DE SAO PAULO/SP;Compras;Contrato (termo inicial);False;PJ;29122044000176;EXPANSAO E-COMMERCE LTDA;1980.0;1980.0;2025-12-19T00:00:00;2025-12-22T10:40:09;2025-12-19T00:00:00;2026-12-19T00:00:00;1;True;365;3;True;True;True;;False;False;False
60453032000174-2-000475/2025;00198;2025;60453032000174;UNIVERSIDADE FEDERAL DE SAO PAULO;MEC-UNIVERSIDADE FEDERAL DE SAO PAULO/SP;Serviços;Contrato (termo inicial);False;PJ;07437996000146;FUNDACAO DE APOIO A UNIVERSIDADE FEDERAL DE SAO PAULO;294040.0;294040.0;2025-12-19T00:00:00;2025-12-22T12:01:37;2025-12-19T00:00:00;2027-10-01T00:00:00;0;True;651;3;True;True;True;;False;False;False
60453032000174-2-000477/2025;00205;2025;60453032000174;UNIVERSIDADE FEDERAL DE SAO PAULO;MEC-UNIVERSIDADE FEDERAL DE SAO PAULO/SP;Serviços;Contrato (termo inicial);False;PJ;07437996000146;FUNDACAO DE APOIO A UNIVERSIDADE FEDERAL DE SAO PAULO;200000.0;200000.0;2026-01-05T00:00:00;2025-12-23T11:32:50;2026-02-01T00:00:00;2026-12-31T00:00:00;3;True;333;-13;True;True;False;intervalo assinatura-publicação ausente ou negativo;False;False;False
60453032000174-2-000478/2025;00199;2025;60453032000174;UNIVERSIDADE FEDERAL DE SAO PAULO;MEC-UNIVERSIDADE FEDERAL DE SAO PAULO/SP;Serviços;Contrato (termo inicial);False;PJ;07437996000146;FUNDACAO DE APOIO A UNIVERSIDADE FEDERAL DE SAO PAULO;216000.0;216000.0;2025-12-19T00:00:00;2025-12-23T17:39:00;2025-12-19T00:00:00;2026-05-27T00:00:00;0;True;159;4;True;True;True;;False;False;False
60453032000174-2-000479/2025;00204;2025;60453032000174;UNIVERSIDADE FEDERAL DE SAO PAULO;MEC-UNIVERSIDADE FEDERAL DE SAO PAULO/SP;Serviços;Contrato (termo inicial);False;PJ;07437996000146;FUNDACAO DE APOIO A UNIVERSIDADE FEDERAL DE SAO PAULO;186000.0;186000.0;2025-12-23T00:00:00;2025-12-23T18:08:16;2025-12-23T00:00:00;2026-12-22T00:00:00;0;True;364;0;True;True;True;;False;False;False
60453032000174-2-000480/2025;00189;2025;60453032000174;UNIVERSIDADE FEDERAL DE SAO PAULO;MEC-UNIVERSIDADE FEDERAL DE SAO PAULO/SP;Compras;Contrato (termo inicial);False;PJ;57609398000185;REAL FOOD ALIMENTACAO LTDA;1440000.0;1440000.0;2025-12-23T00:00:00;2025-12-23T18:49:43;2025-12-29T00:00:00;2026-12-28T00:00:00;0;True;364;0;True;True;True;;True;False;False
60453032000174-2-000481/2025;00202;2025;60453032000174;UNIVERSIDADE FEDERAL DE SAO PAULO;MEC-UNIVERSIDADE FEDERAL DE SAO PAULO/SP;Serviços;Contrato (termo inicial);False;PJ;10658360000139;ATENAS ELEVADORES LTDA;36000.0;36000.0;2025-12-23T00:00:00;2025-12-24T08:58:34;2026-01-03T00:00:00;2027-01-03T00:00:00;0;True;365;1;True;True;True;;False;False;False
60453032000174-2-000482/2025;00191;2025;60453032000174;UNIVERSIDADE FEDERAL DE SAO PAULO;MEC-UNIVERSIDADE FEDERAL DE SAO PAULO/SP;Obras;Contrato (termo inicial);False;PJ;23160346000152;RAVE CONSTRUTORA LTDA;499919.78;499919.78;2025-12-23T00:00:00;2025-12-26T15:16:37;2025-12-23T00:00:00;2026-12-23T00:00:00;0;True;365;3;True;True;True;;False;False;False
60453032000174-2-000483/2025;00200;2025;60453032000174;UNIVERSIDADE FEDERAL DE SAO PAULO;MEC-UNIVERSIDADE FEDERAL DE SAO PAULO/SP;Serviços de Engenharia;Contrato (termo inicial);False;PJ;22102062000147;SAMPAIO SERVICOS E COMERCIO LTDA;49993.75;49993.75;2025-12-23T00:00:00;2025-12-29T14:00:56;2025-12-23T00:00:00;2026-12-23T00:00:00;0;True;365;6;True;True;True;;False;False;False
60453032000174-2-000486/2025;00194;2025;60453032000174;UNIVERSIDADE FEDERAL DE SAO PAULO;MEC-UNIVERSIDADE FEDERAL DE SAO PAULO/SP;Obras;Contrato (termo inicial);False;PJ;23160346000152;RAVE CONSTRUTORA LTDA;499919.78;499919.78;2025-12-23T00:00:00;2025-12-29T16:12:37;2025-12-23T00:00:00;2026-12-23T00:00:00;0;True;365;6;True;True;True;;False;False;False
60453032000174-2-000488/2025;00181;2025;60453032000174;UNIVERSIDADE FEDERAL DE SAO PAULO;MEC-UNIVERSIDADE FEDERAL DE SAO PAULO/SP;Compras;Contrato (termo inicial);False;PJ;12477490000281;LIDER NOTEBOOKS COMERCIO E SERVICOS LTDA;97411.0;97411.0;2025-12-29T00:00:00;2025-12-30T11:05:19;2025-12-29T00:00:00;2026-12-29T00:00:00;0;True;365;1;True;True;True;;False;False;False
60453032000174-2-000489/2025;00206;2025;60453032000174;UNIVERSIDADE FEDERAL DE SAO PAULO;MEC-UNIVERSIDADE FEDERAL DE SAO PAULO/SP;Informática (TIC);Contrato (termo inicial);False;PJ;12477490000281;LIDER NOTEBOOKS COMERCIO E SERVICOS LTDA;67180.0;67180.0;2025-12-29T00:00:00;2025-12-30T11:13:47;2025-12-30T00:00:00;2026-12-29T00:00:00;0;True;364;1;True;True;True;;False;False;False
60453032000174-2-000490/2025;00190;2025;60453032000174;UNIVERSIDADE FEDERAL DE SAO PAULO;MEC-UNIVERSIDADE FEDERAL DE SAO PAULO/SP;Serviços;Contrato (termo inicial);False;PJ;07437996000146;FUNDACAO DE APOIO A UNIVERSIDADE FEDERAL DE SAO PAULO;200000.0;200000.0;2025-12-30T00:00:00;2025-12-31T09:22:21;2025-12-31T00:00:00;2026-12-29T00:00:00;0;True;363;1;True;True;True;;False;False;False
